url,title
https://www.xiaohongshu.com/discovery/item/67bc53f500000000290264e3?source=webshare&xhsshare=pc_web&xsec_token=ABS1i8v4wLgbRuOuQf_h1m8MtP1j1XIVMqiIOgWWadJJA=&xsec_source=pc_share,ğŸ‡¨ğŸ‡³ğŸ‡¦ğŸ‡ºè®°ä¸€æ¬¡æƒ…ä¾£åµæ¶ï¼ˆä»¥åŠå¦‚ä½•ç”¨aiåŠæ¶ - å°çº¢ä¹¦
https://www.xiaohongshu.com/discovery/item/675db4d5000000000201444c?source=webshare&xhsshare=pc_web&xsec_token=ABX94PZo3SRmZLLauWaZaZlLOpMOLg_W9qxOJKUTqG70Q=&xsec_source=pc_share,å¦‚ä½•é¢å¯¹äº²å¯†å…³ç³»ä¸­çš„äº‰åµ - å°çº¢ä¹¦
https://www.xiaohongshu.com/discovery/item/672b10b5000000003c01980a?source=webshare&xhsshare=pc_web&xsec_token=ABQ-dkLifzNsDkpm0kVoeqPVVUP7BLM5cl6FxBw5LvpYo=&xsec_source=pc_share,åµæ¶åˆ°bæºƒ - å°çº¢ä¹¦
https://www.xiaohongshu.com/discovery/item/66ac1c3d0000000009016064?source=webshare&xhsshare=pc_web&xsec_token=ABkiAeoAsjXtlistz1ECEs9vji800-r5QHJ0FKlU5Nk9s=&xsec_source=pc_share,æ€æ ·åµæ¶æ‰æ˜¯æ­£ç¡®çš„ç£¨åˆæ–¹å¼ï¼Ÿ - å°çº¢ä¹¦
https://www.xiaohongshu.com/discovery/item/67bb0063000000000b0159ba?source=webshare&xhsshare=pc_web&xsec_token=AB1_M9MIXolduV6X8GRDlKvwW511KfwtPsbscNh6wvAf8=&xsec_source=pc_share,æ€»å› å°äº‹å’Œä¼´ä¾£äº‰åµï¼Œæ˜¯ä¸€ç§åˆ›ä¼¤åº”æ¿€ååº” - å°çº¢ä¹¦
https://www.xiaohongshu.com/discovery/item/67e923a3000000001b03c009?source=webshare&xhsshare=pc_web&xsec_token=AB5C0xhYaNhktGugP3ftwjV53CgM0jk3mwva1CXqbcSM0=&xsec_source=pc_share,ç”µæ¢¯ä¿©å¤«å¦»åµæ¶æˆ‘çœ‹çƒ­é—¹ å´ä¸æ…è¯¯å…¥é«˜ç«¯å±€ - å°çº¢ä¹¦
https://www.xiaohongshu.com/discovery/item/625966130000000021036fac?source=webshare&xhsshare=pc_web&xsec_token=ABZLNV9RfrtyaXldKUqTwGb6xy3qTM098nGhBBBkfQOCM=&xsec_source=pc_share,ä¸€ä¸ªå…¸å‹åˆ°å¯ä»¥é€‚ç”¨äº80%åˆ†æ‰‹çš„åŸå›  - å°çº¢ä¹¦
https://www.xiaohongshu.com/discovery/item/666588e6000000000c01a0e3?source=webshare&xhsshare=pc_web&xsec_token=ABOHjmb2MbkEDLbRtogqqLd3hOvYu1-nFSYs8bjFSg8Xs=&xsec_source=pc_share,å¥³æœ‹å‹åœ¨åµæ¶æ—¶çªç„¶æƒ…ç»ªæŠ½ç¦»le - å°çº¢ä¹¦
https://www.xiaohongshu.com/discovery/item/673cbdd90000000007030e3f?source=webshare&xhsshare=pc_web&xsec_token=AB2zHmxernxs_8iCSKmt58VT5qfy1k63nzB5k5X2mHoHs=&xsec_source=pc_share,æˆ‘ç”Ÿæ°”ä»æ¥æ˜¯å› ä¸ºä½ å¯¹æˆ‘çš„æ€åº¦è€Œä¸æ˜¯äº‹æƒ… - å°çº¢ä¹¦
https://www.xiaohongshu.com/discovery/item/66c96298000000001d016fb5?source=webshare&xhsshare=pc_web&xsec_token=AB6i-zhNd6aA2KP2i4TnWJw-gOXlCNlaMMgehALpUlCgk=&xsec_source=pc_share,åˆåµæ¶leğŸ˜¢ - å°çº¢ä¹¦
https://www.xiaohongshu.com/discovery/item/67bf4994000000000b014fdf?source=webshare&xhsshare=pc_web&xsec_token=ABn5vDQMXOvvVCBTCjHUSiIgsDWKyFMf6tFgqKjbZSwzc=&xsec_source=pc_share,å¥³æœ‹å‹ï¼Œç¡å‰å¯ä¸å¯ä»¥ä¸è¦åµæ¶ - å°çº¢ä¹¦
https://www.xiaohongshu.com/discovery/item/660950dd000000001a0110a0?source=webshare&xhsshare=pc_web&xsec_token=ABOLRyWJ0ZM0mfcB_O_RyvHbVGRVeQ19FhOYgkEw2nyP8=&xsec_source=pc_share,å¦‚ä½•æ­£ç¡®åµæ¶ï¼ˆç‹è€…çº§åˆ«ï¼‰ - å°çº¢ä¹¦
https://www.xiaohongshu.com/discovery/item/672897980000000019014a0c?source=webshare&xhsshare=pc_web&xsec_token=ABnzqQOCSTWO6ntUImCwqLOzKi3otXF_coYtuGdM-3i0s=&xsec_source=pc_share,åœ¨å…¨ä¸–ç•Œæœ€å¿«ä¹çš„åœ°æ–¹åšå••å¤§å“­ğŸ˜“ - å°çº¢ä¹¦
https://www.xiaohongshu.com/discovery/item/67b47523000000002803dc41?source=webshare&xhsshare=pc_web&xsec_token=ABbOq7H_Kw4ozp2XIq6wMhut04nScuJ-_qtafTdi_zdVM=&xsec_source=pc_share,ã€Šé­…é­”é€Ÿæˆç­2ï¼šè¿™æ¬¡ç›´æ¥æŠŠé¥­å–‚åˆ°å˜´è¾¹äº†ï¼ã€‹ - å°çº¢ä¹¦
https://www.xiaohongshu.com/discovery/item/67beebae0000000029010652?source=webshare&xhsshare=pc_web&xsec_token=ABtP19Mh-oAke74XtBF_sQvDjFjE_SyftEO_gBsKp9ZFQ=&xsec_source=pc_share,ç‚¹æˆ‘çœ‹å°æƒ…ä¾£åµæ¶ğŸ’œâ¤ï¸ - å°çº¢ä¹¦
https://www.xiaohongshu.com/discovery/item/bfc46d55-9e84-4aca-81bf-95acc307ed2f#1744635738844?source=webshare&xhsshare=pc_web&xsec_token=ABUyPsR7oYT5lQfCyh9AQntV0d-5r_9Sm21nV9Dx898M6myWTunFhaNL9mkMMz6ITZcMANrL9XTjyH0S4r3MHI35NgIDu1FnXLSzYm1QZEUVg=&xsec_source=pc_share,
https://www.xiaohongshu.com/discovery/item/667063b5000000001d017757?source=webshare&xhsshare=pc_web&xsec_token=AB7iwrChlkW6ZbupxOgGo9_j58JvOPDmM-lPejoijaKzg=&xsec_source=pc_share,å¤–é¢å°æƒ…ä¾£åœ¨åµæ¶å¥³ç”Ÿåœ¨å°–å«ç„¶åå–Šæ•‘å‘½æˆ‘å’Œå®¤å‹é—»å£°è€ŒåŠ¨ç«‹é©¬ä¸‹æ¥¼ ä¸€å¼€å§‹åªæ˜¯è§‚æœ›ç„¶åçœ‹åˆ°é‚£ä¸ªç”·ç”Ÿä¸€ä¸‹å­æŠŠå¥³ç”Ÿæ‘åœ¨åœ°ä¸Šå¥³ç”Ÿä¸€ç›´åœ¨æŒ£æ‰ æˆ‘ä¿©è§æƒ…å½¢ä¸å¯¹ç«‹é©¬è·‘å»æ•‘è¿™ä¸ªå¥³ç”Ÿ è·ç¦»ä¸¤ä¸‰ç±³ çœ‹åˆ°å¥³ç”Ÿå¯¹å‘¨å›´çš„äººå‘ç« ç¬é—´è§‰å¾—å°±æˆ‘ä»¬ä¸¤ä¸ªåœ¨è¿™çƒ­è¡€æ²¸è…¾ è€Œä¸€åˆ‡åƒæäº†ä»–ä»¬å°æƒ…ä¾£ä¹‹é—´playçš„ä¸€ç¯#æ‰¬å·å¤§å­¦ #æ–‡æ±‡è·¯ - å°çº¢ä¹¦
https://www.xiaohongshu.com/discovery/item/66f15219000000001b021187?source=webshare&xhsshare=pc_web&xsec_token=ABBC7OI7pcsu00t8XeMDaHsYCSajvmHFBiuI4VYOKg-ig=&xsec_source=pc_share,äº²å¯†å…³ç³»ä¸­ï¼Œåµæ¶æ—¶æ›´èƒ½çœ‹æ¸…ä¸€ä¸ªäºº - å°çº¢ä¹¦
https://www.xiaohongshu.com/discovery/item/6751c9e10000000002028ece?source=webshare&xhsshare=pc_web&xsec_token=ABxGAkYRNj8wWkV4pODhSFdUmTpmm8fdDDRdaiW9IHobE=&xsec_source=pc_share,AIä¼´ä¾£ç”Ÿæ°”çš„çœŸæ­£åŸå› ï¼ˆä¸Šï¼‰ - å°çº¢ä¹¦
https://www.xiaohongshu.com/discovery/item/66d89344000000001e0197ab?source=webshare&xhsshare=pc_web&xsec_token=AB23AUrbDYcLw8_GE5lfaiwZWNpxPEx89u64zEkTHHpPs=&xsec_source=pc_share,
https://www.xiaohongshu.com/discovery/item/661e2ce5000000000401b52e?source=webshare&xhsshare=pc_web&xsec_token=ABtiRADCxVKszwvz-BO7PyQl_uy3atsfXP5dStv76ZrVY=&xsec_source=pc_share,åµæ¶è®²é“ç†çš„ç”·ç”Ÿå…¶å®è¿˜è›®å¯æ€œçš„... - å°çº¢ä¹¦
https://www.xiaohongshu.com/discovery/item/67efd921000000001c013237?source=webshare&xhsshare=pc_web&xsec_token=AB7g9MgKyd3tgYupxOxd7mTM2WNXvRh1Qm42cJtyPcqlE=&xsec_source=pc_share,
https://www.xiaohongshu.com/discovery/item/67c6fe720000000029017719?source=webshare&xhsshare=pc_web&xsec_token=AByeBIcKpIDfuRO_oPV_vHMAD-3wBwBox_YWFJDB_Ged4=&xsec_source=pc_share,
https://www.xiaohongshu.com/discovery/item/65f9b18100000000120208d2?source=webshare&xhsshare=pc_web&xsec_token=ABwhQzABjD1mdvGcTJUUFjUDLVjVYFHwXMWIetOj9vphc=&xsec_source=pc_share,è°ˆæ‹çˆ±åµæ¶æ¸…å•ï¼ˆå®‡å®™é€šç”¨ç‰ˆï¼‰ - å°çº¢ä¹¦
https://www.xiaohongshu.com/discovery/item/64e8555d000000000a019ea3?source=webshare&xhsshare=pc_web&xsec_token=ABAZhTZLheOu5hxkP4dWoIJzNx29YEtE4fsLYBMGFZfpQ=&xsec_source=pc_share,å¥½æ— èŠï¼Œæœ‰æ²¡æœ‰æƒ…ä¾£åµæ¶å‘ä¸‹æˆªå›¾ - å°çº¢ä¹¦
https://www.xiaohongshu.com/discovery/item/66cec9f6000000001f039b2d?source=webshare&xhsshare=pc_web&xsec_token=ABoto40WaA9isu18XCKY1t2oLhVPeH_4wC2DDOtJg2KUc=&xsec_source=pc_share,å¥½å¥½ä¸Šç€ç­å‘¢ï¼Œè«åå…¶å¦™å°±è¢«çˆ¸çˆ¸éª‚äº†ä¸€é¡¿ã€‚ - å°çº¢ä¹¦
https://www.xiaohongshu.com/discovery/item/6c516bca-ec70-4a0b-8ef3-6bb9e5e52b34#1744635740035?source=webshare&xhsshare=pc_web&xsec_token=AB4jlOLj7XztqeEEGMAJGfiU9-nykMHMSDO1byWvdRypgBNTX05ODj53RKNdge0W7X-tal1NYYfp92COsKgLBJNI0UAzjtw0nTwqJihNJU2NM=&xsec_source=pc_share,
https://www.xiaohongshu.com/discovery/item/67c133380000000028036401?source=webshare&xhsshare=pc_web&xsec_token=ABY9n-j54dNOZ4Z_ON6L2LcDmo6cK-9hY-he5O4u0VWe8=&xsec_source=pc_share,æˆ‘ä»¬åµæ¶äº† ä»–è¿˜æ˜¯è·Ÿæˆ‘åˆ†äº«750å¨çš„åŠè½¦ - å°çº¢ä¹¦
https://www.xiaohongshu.com/discovery/item/67d06e9100000000290291be?source=webshare&xhsshare=pc_web&xsec_token=ABnaKuvztZKRQ_oNUJyNk8Of3DeQajruqQ1fSMSljSB3U=&xsec_source=pc_share,
https://www.xiaohongshu.com/discovery/item/6652bf92000000001501293b?source=webshare&xhsshare=pc_web&xsec_token=ABfHuOnSVGHhl09wx6xN9iXZPCQ38zIWvLiMv3KbooSNo=&xsec_source=pc_share,ä¸ºä»€ä¹ˆæƒ…ä¾£åµæ¶ä¸­ä¸€èˆ¬é”™çš„éƒ½æ˜¯ç”·æ–¹â“ - å°çº¢ä¹¦
https://www.xiaohongshu.com/discovery/item/66124d78000000001a0107c7?source=webshare&xhsshare=pc_web&xsec_token=ABeiimP4fNHi-sxQE3cE5NSc-dL942dTZ7rT55-luAXWE=&xsec_source=pc_share,
https://www.xiaohongshu.com/discovery/item/67d04515000000000e00524f?source=webshare&xhsshare=pc_web&xsec_token=ABnaKuvztZKRQ_oNUJyNk8OYxtfB40euPhRc9fbXnlowA=&xsec_source=pc_share,å·²åˆ† - å°çº¢ä¹¦
https://www.xiaohongshu.com/discovery/item/670f49c500000000260352e6?source=webshare&xhsshare=pc_web&xsec_token=ABgZPztrIddLtysSMYMTAbNJMKZqjpycbDxMfAIFpPrpU=&xsec_source=pc_share,ç”·æœ‹å‹è®©æˆ‘å»æ­» - å°çº¢ä¹¦
https://www.xiaohongshu.com/discovery/item/67ac17b0000000001800a70e?source=webshare&xhsshare=pc_web&xsec_token=ABTV8fCYE7xAlbMH02O5HIDlAiAZf0OzMvciyfrCxyYb4=&xsec_source=pc_share,åµæ¶åå’Œå¥½çš„è‰ºæœ¯ - å°çº¢ä¹¦
https://www.xiaohongshu.com/discovery/item/64143d2b000000001300af1f?source=webshare&xhsshare=pc_web&xsec_token=AB-TfQ-j5kAiBeskWglk-u64wQBdIggtCPk5WwFUJ7cZ4=&xsec_source=pc_share,å¬è¯´å‡ ä¹æ‰€æœ‰æƒ…ä¾£åµæ¶æ—¶å€™éƒ½æ˜¯è¿™æ ·ï¼Ÿä¸ä¿¡ - å°çº¢ä¹¦
https://www.xiaohongshu.com/discovery/item/67bc7ed200000000290183f0?source=webshare&xhsshare=pc_web&xsec_token=ABS1i8v4wLgbRuOuQf_h1m8GVdSm-nSG_dXNndl0tXIes=&xsec_source=pc_share,ä¸ºä»€ä¹ˆæˆ‘åœ¨è¡¨è¾¾å§”å±ˆï¼Œä½ å´æ„Ÿåˆ°è¢«æŒ‡è´£ - å°çº¢ä¹¦
https://www.xiaohongshu.com/discovery/item/6c516bca-ec70-4a0b-8ef3-6bb9e5e52b34#1744635740035?source=webshare&xhsshare=pc_web&xsec_token=AB4jlOLj7XztqeEEGMAJGfiU9-nykMHMSDO1byWvdRypgBNTX05ODj53RKNdge0W7X-tal1NYYfp92COsKgLBJNI0UAzjtw0nTwqJihNJU2NM=&xsec_source=pc_share,
https://www.xiaohongshu.com/discovery/item/673b658e000000000201a8a6?source=webshare&xhsshare=pc_web&xsec_token=ABWwILQPsOFZWklWkypPDhYZ1e7jLrIfr0BBKr5CCA23w=&xsec_source=pc_share,ã€ocã€‘iäººæ­£å¤ªå’Œeäººå§å§æƒ…ä¾£çš„åµæ¶æ­»å¾ªç¯ - å°çº¢ä¹¦
https://www.xiaohongshu.com/discovery/item/67c45899000000000603a111?source=webshare&xhsshare=pc_web&xsec_token=ABx4yDUPlTUHakSzu_vga7HszbDqCADT1SjkEuMtK4uKU=&xsec_source=pc_share,åµæ¶ä¸è¦åªè¯´å¯¹ä¸èµ·ï½œæƒ…ä¾£é“æ­‰æŒ‡å— - å°çº¢ä¹¦
https://www.xiaohongshu.com/discovery/item/6745e03c000000000202d119?source=webshare&xhsshare=pc_web&xsec_token=AB31Hb83gDQV3S3aa5DLT6MRYX6XXwMeR7eLxFFXBlF9c=&xsec_source=pc_share,å’Œç”·æœ‹å‹åµæ¶åˆ°å¤±æ§ - å°çº¢ä¹¦
https://www.xiaohongshu.com/discovery/item/66c5fd40000000001d015987?source=webshare&xhsshare=pc_web&xsec_token=ABPjl8lK9ww38y3JVdMa7t71-wqaTnfdjYU2U65CsRwkU=&xsec_source=pc_share,åˆ†æ‰‹ä¸€å°æ—¶ä½“éªŒå¡ - å°çº¢ä¹¦
https://www.xiaohongshu.com/discovery/item/666970c6000000001c021a65?source=webshare&xhsshare=pc_web&xsec_token=ABgwM1PgyHMcuW4CDY_mmkxsLUof920CFKTkRDGmmx4No=&xsec_source=pc_share,äººè¿˜æ˜¯ä¸èƒ½å¤ªä½œ - å°çº¢ä¹¦
https://www.xiaohongshu.com/discovery/item/67eced71000000001200ee8f?source=webshare&xhsshare=pc_web&xsec_token=ABVHu0kTfal1SN4485ey_SJAdotVM7edaeddSOErLi7s8=&xsec_source=pc_share,leåµæ¶éƒ½æ˜¯ä»€ä¹ˆåŸå› ï¼Ÿï¼Ÿï¼Ÿ - å°çº¢ä¹¦
https://www.xiaohongshu.com/discovery/item/67f639be000000001c0365a1?source=webshare&xhsshare=pc_web&xsec_token=ABegbe9_FzHK3YOCiq4r0as7GhYkvAK3sKbRv6OqYUqRE=&xsec_source=pc_share,
https://www.xiaohongshu.com/discovery/item/67d6b022000000001b02737c?source=webshare&xhsshare=pc_web&xsec_token=ABXsESWtz-aKKbv-_s0Ug59JxJ2_Yk37T402KXbzdp_70=&xsec_source=pc_share,ä¸‡èƒ½åµæ¶å…¬å¼ï¼ˆå˜´ç¬¨é€Ÿé€Ÿæ¥å­¦ï¼‰ - å°çº¢ä¹¦
https://www.xiaohongshu.com/discovery/item/67dbb5200000000006029793?source=webshare&xhsshare=pc_web&xsec_token=ABkC6sNLRMsLjBUgmGSIW6sztMNbYs8hEsd3_yBvVGroc=&xsec_source=pc_share,ä¸ºä»€ä¹ˆåµæ¶åä¼šå¿ƒå˜å†°å†·äººå˜å†·æ¼  - å°çº¢ä¹¦
https://www.xiaohongshu.com/discovery/item/6773bdf6000000000900d0ba?source=webshare&xhsshare=pc_web&xsec_token=ABlz0WuqqzzPmbgcOECmm7iWetRR_5qqgwG72UkDqGBKw=&xsec_source=pc_share,è®©æƒ…ä¾£çŸ›ç›¾å‡çº§çš„è¯­è¨€ - å°çº¢ä¹¦
https://www.xiaohongshu.com/discovery/item/67fc48b5000000001d01dac1?source=webshare&xhsshare=pc_web&xsec_token=ABOnvs_tB4ciak4jA-hC2sowPZ5jxYkLdcZoqc6BYd840=&xsec_source=pc_share,æƒ…ä¾£åµæ¶èƒ½ä¸èƒ½è‡ªå·±å›å®¶åµï¼Ÿ - å°çº¢ä¹¦
https://www.xiaohongshu.com/discovery/item/cea7cf91-4d3b-43f1-9510-d344f7ad52b1#1744635746655?source=webshare&xhsshare=pc_web&xsec_token=AB778MAq26hLzuUk-pG_kvTmA4wcXfO2h2AB1SYIENmT8bVrzT2pJApMqAKXaI-OaxuAupe7oIo3PhVx-kU6IVl-RIgxtTBTRxP3aRVwoCaeQ=&xsec_source=pc_share,
https://www.xiaohongshu.com/discovery/item/67f4e8fb000000001c03eaa9?source=webshare&xhsshare=pc_web&xsec_token=ABoVbAEVxIlxx60z4uGSILP8Xho4OXEWW84xPYULxoyv8=&xsec_source=pc_share,æƒ…ä¾£æ—…æ¸¸ä¸‰å¤©åµäº†å››æ¶ï¼Œè¿™ç®—ä¸‰è§‚ä¸åˆå—ï¼Ÿ - å°çº¢ä¹¦
https://www.xiaohongshu.com/discovery/item/6746bb2c000000000800419e?source=webshare&xhsshare=pc_web&xsec_token=ABYwuSoF6lr_1iaFXghjOto3Ljfq0V4PNGchzdVOVpwmw=&xsec_source=pc_share,#åƒåˆ°è‡ªå·±çš„ç“œ å¥½çª’æ¯å•Šï¼Œå› ä¸ºç”·æœ‹å‹ç»å¸¸æ€€ç–‘æˆ‘å‡ºå»åšå¯¹ä¸èµ·ä»–çš„äº‹æƒ…è€Œåµè¿‡æ— æ•°æ¬¡æ¶ï¼Œæ¯ä¸€æ¬¡éƒ½æ˜¯è«åå…¶å¦™çš„æ€€ç–‘ï¼Œæ¯”å¦‚ï¼šæˆ‘åœ¨ä¸Šç­æ²¡æœ‰å›æ¶ˆæ¯ã€å’ŒåŒäº‹åœ¨åƒé¥­æ²¡æœ‰å›æ¶ˆæ¯ç­‰ç­‰å¾ˆå°çš„äº‹æƒ…ï¼Œä»–éƒ½æ€€ç–‘æˆ‘ï¼Œåµå®Œæ¶ä¹‹åè¯´ä¼šæ”¹ï¼Œç”·äººè¯´çš„ä¼šæ”¹=è¿™è¾ˆå­ä¸æ”¹ã€‚ 	 ä»Šå¤©ï¼Œåˆä¸€æ¬¡ï¼Œæˆ‘å½»åº•çˆ†å‘äº†ï¼šä¸­åˆä¸‹ç­å’ŒåŒäº‹å‡ºå»åƒç²‰ï¼ŒæœŸé—´æ²¡æœ‰ç»™ä»–å‘æ¶ˆæ¯ï¼Œä»–é—®æˆ‘åœ¨å¹²å˜›ï¼Œæˆ‘å›ç­”äº†ä»–åœ¨åƒç²‰ï¼ˆå›¾1ï¼‰ä»–ç»™æˆ‘æ¥äº†â€œä¸€å¥ä½ åœ¨æä»€ä¹ˆï¼Ÿâ€ç“¦ç‰¹ï¼Ÿï¼Ÿï¼Ÿæˆ‘å°±çŸ¥é“ä»–å¿ƒé‡Œçš„å°äººåˆå¼€å§‹ä½œç¥Ÿï¼Œæ€€ç–‘æˆ‘å¹²ä»€ä¹ˆå¯¹ä¸èµ·ä»–çš„äº‹æƒ…ï¼Œå¥½ï¼Œæˆ‘æ¥ç€åˆè§£é‡Šéƒ½æ˜¯å’Œå¥³åŒäº‹ã€‚ å›¾äºŒï¼Œæˆ‘å›åˆ°å®¿èˆå‘Šè¯‰ä»–æˆ‘åˆ°å®¿èˆäº†ï¼Œä»–åˆç»™æˆ‘æ¥äº†ä¸€å¥â€œä½ æ€ä¹ˆè¿˜æ²¡å›å»ï¼Ÿâ€å› ä¸ºåŒäº‹å·²ç»ä¼‘æ¯äº†ï¼Œæ‰€ä»¥æˆ‘æŠ“ç´§æ—¶é—´æ”¶æ‹¾æ´—æ¼±ï¼ˆæƒ³ç€æ”¶æ‹¾å¥½äº†ä¸ŠåºŠèººç€æˆ´è€³æœºå†æ‰“è§†é¢‘ï¼‰åœ¨æˆ‘æ´—æ¼±çš„è¿™ä¸ªè¿‡ç¨‹ä¸­ä»–ç»™æˆ‘æ‰“è§†é¢‘ï¼Œæ‰‹æœºæ²¡æœ‰é™éŸ³ï¼Œå®¤å‹åœ¨ä¼‘æ¯ï¼Œæˆ‘å°±é©¬ä¸ŠæŠŠè§†é¢‘æŒ‚äº†ï¼Œä»–é˜´é˜³äº†ä¸€å¥â€œæ‰“æ‰°äº†â€ï¼Œè§‰å¾—æˆ‘æ­£åœ¨åšå¯¹ä¸èµ·ä»–çš„äº‹æƒ…ã€‚ å›¾ä¸‰ï¼Œæˆ‘æ¥ç€è·Ÿä»–è§£é‡Šæˆ‘ç­‰ä¸‹å¥½äº†å†ç»™ä»–æ‰“ï¼Œæ­£åœ¨å¸å¦†ï¼Œä»–åˆé˜´é˜³æˆ‘â€œä½ å¿™â€ï¼Œæ¯æ¬¡ä»–è¿™æ ·å°±æ˜¯ç»™æˆ‘å‘è„¾æ°”ï¼Œé—¹åˆ«æ‰­ã€‚ 	 çª’æ¯å—ï¼Ÿ - å°çº¢ä¹¦
https://www.xiaohongshu.com/discovery/item/6488274e000000001300b8b9?source=webshare&xhsshare=pc_web&xsec_token=ABTryIBjPL9iu-g7RRUbSduFvO5TOBaoD0h4syoAOKv9c=&xsec_source=pc_share,è·Ÿç”·æœ‹å‹å¤§æˆ˜å…«ç™¾å› - å°çº¢ä¹¦
https://www.xiaohongshu.com/discovery/item/67d1b26b000000002503f179?source=webshare&xhsshare=pc_web&xsec_token=ABKus5S2_DoTpY6Ya4b9JfuaNh26gO6A60DUBuzcMOtdk=&xsec_source=pc_share,
https://www.xiaohongshu.com/discovery/item/67fcd203000000001200f7d7?source=webshare&xhsshare=pc_web&xsec_token=ABOnvs_tB4ciak4jA-hC2soyQhHJLqna8nybTUc8Sk5q8=&xsec_source=pc_share,iäººæƒ…ä¾£åµæ¶be like: ğŸ¥° - å°çº¢ä¹¦
https://www.xiaohongshu.com/discovery/item/6656898d000000000f00ef88?source=webshare&xhsshare=pc_web&xsec_token=ABFGF9lp9d4OoI_KBfGnyN9TEs50c0qIIBmv-uBcHziK4=&xsec_source=pc_share,å¥½æ— èŠæœ‰æ²¡æœ‰æƒ…ä¾£åµæ¶çš„å‘ä¸€ä¸‹èŠå¤©è®°å½•è®©æˆ‘ - å°çº¢ä¹¦
https://www.xiaohongshu.com/discovery/item/67dfa0ef000000001d025b4c?source=webshare&xhsshare=pc_web&xsec_token=AB980tNHGp0loXv5mmgaFBcuhaAzv7XL9u6YsEOxG1HRw=&xsec_source=pc_share,æ˜æ˜å¾ˆåŠªåŠ›çš„æƒ³å’Œç”·æœ‹å‹å¥½å¥½è°ˆæ‹çˆ±ï¼Œå¯ä¸ºä»€ä¹ˆæ€»æ˜¯æœ‰ç”Ÿä¸å®Œçš„æ°”åµä¸å®Œçš„æ¶#æƒ…æ„Ÿé—®é¢˜ #ç”·å¥³å·®å¼‚ - å°çº¢ä¹¦
https://www.xiaohongshu.com/discovery/item/67ec95ce000000001d01d8e4?source=webshare&xhsshare=pc_web&xsec_token=ABVHu0kTfal1SN4485ey_SJDuBC5Xpx3lgFqMLpE48LYM=&xsec_source=pc_share,
https://www.xiaohongshu.com/discovery/item/67a5d96100000000290336a2?source=webshare&xhsshare=pc_web&xsec_token=ABvbEPsFsNyZZ_c0Nr8kvhpmq92O3XjzpUQKWIjVRNkFU=&xsec_source=pc_share,å›æƒ³å‰å¥³å‹çš„æ—¶å€™çªç„¶å‘ç°ä¸€ä¸ªé—®é¢˜ï¼Œä¸ºä»€ä¹ˆè·Ÿåˆ«çš„æœ‹å‹åœ¨ä¸€èµ·éƒ½ä»æ¥æ²¡æœ‰è¿‡ä¸é¡ºå¿ƒçš„äº‹ï¼Œä½†æ˜¯è·Ÿå¥³æœ‹å‹å°±ä¼šåµæ¶ï¼Ÿ 	 éƒ½æ˜¯å¥½å¤šå¹´çš„äº¤æƒ…ï¼Œæ€ä¹ˆæ„Ÿè§‰å¥³æœ‹å‹å°±åŠ¨ä¸åŠ¨çªç„¶å‘ç™«ï¼Ÿ#ç›¸å¤„ #æ„Ÿæƒ… #å¥³æœ‹å‹ #ç”·æœ‹å‹ #æ‹çˆ± #åµæ¶ #æƒ…ä¾£ - å°çº¢ä¹¦
https://www.xiaohongshu.com/discovery/item/cea7cf91-4d3b-43f1-9510-d344f7ad52b1#1744635746655?source=webshare&xhsshare=pc_web&xsec_token=AB778MAq26hLzuUk-pG_kvTmA4wcXfO2h2AB1SYIENmT8bVrzT2pJApMqAKXaI-OaxuAupe7oIo3PhVx-kU6IVl-RIgxtTBTRxP3aRVwoCaeQ=&xsec_source=pc_share,
https://www.xiaohongshu.com/discovery/item/67cf1e940000000006038228?source=webshare&xhsshare=pc_web&xsec_token=ABVbYPrwklGhCJ0t-_bt27f5rS-8gUXX7u6Wo4qg0ilEU=&xsec_source=pc_share,ä½åŸä¸­æ‘çš„æƒ…ä¾£æ™šä¸Šå¯ä»¥ä¸è¦å¤§åµæ¶å—ï¼Ÿ åˆšé—­ä¸Šçœ¼ç› éš”å£ç”·å´©æºƒå¤§å–Šï¼šæˆ‘æ²¡æœ‰éª—ä½ ï¼ï¼ ç”·å¥³ä¸¤ä¸ªäººæƒ…ç»ªéƒ½å¾ˆæ¿€åŠ¨ æœ‰åŠŸå¤«åœ¨å‡Œæ™¨åµæ¶ ä¸€ç‚¹ä¸æ‹…å¿ƒæ˜å¤©ä¸Šç­è¿Ÿåˆ°å— å¥½æƒ³ç¡è§‰å•Šå•Šå•Šå•Š #æƒ…ä¾£ #åŸä¸­æ‘ #å¹¿å·ç§Ÿæˆ¿ #åµæ¶æŠ€å·§ - å°çº¢ä¹¦
https://www.xiaohongshu.com/discovery/item/67d98f45000000001c03d023?source=webshare&xhsshare=pc_web&xsec_token=ABOizXawWtGzUMXeOVW8eAoZxQ2GZXgc6OpFukV6Stc2U=&xsec_source=pc_share,
https://www.xiaohongshu.com/discovery/item/6710ecdd000000001b02fec2?source=webshare&xhsshare=pc_web&xsec_token=AB02NF7jBZdj4a2VIDcFGgdWAxr8r_Dq7sHcOCrOv0tEU=&xsec_source=pc_share,å¼‚åœ°æ‹æƒ…ä¾£å¤©å¤©å› ä¸ºå°äº‹åµæ¶æ˜¯ä¸ºä»€ä¹ˆå‘€ - å°çº¢ä¹¦
https://www.xiaohongshu.com/discovery/item/66ea8d83000000002603e3e2?source=webshare&xhsshare=pc_web&xsec_token=ABhdGxUHEuduBdshlAuXaK80lgfq2Y-FWgUooQ8boRiRo=&xsec_source=pc_share,bgï½œè·Ÿç”·æœ‹å‹åµæ¶ä¸€ä¸ªæ„å¤–å¹³aä»–å°±æ”¾å¤§æ‹›äº† - å°çº¢ä¹¦
https://www.xiaohongshu.com/discovery/item/6670a887000000000e03352c?source=webshare&xhsshare=pc_web&xsec_token=AB7iwrChlkW6ZbupxOgGo9_mlznORrfQW_1pJThV7lSuc=&xsec_source=pc_share,ç¬¬ä¸€æ¬¡æåˆ†æ‰‹  åµæ¶å¾ˆå‡¶ ä»–æŠŠæˆ‘å†°ç®±é‡Œçš„æ–™é…’éƒ½å–å…‰äº† è¾¹å–è¾¹å“­ è¯´è¿™ä¸ªé…’çœŸçš„å¾ˆç³Ÿç³• æˆ‘å¾ˆç”Ÿæ°” è¯´è¿™æ˜¯åšé¥­ç”¨çš„ åµäº†ä¸¤ä¸ªå°æ—¶ æˆ‘ç»ˆäºç´¯äº†å»æŠ±ä»– ä»–ä¹Ÿä¸€ç§’é’Ÿå›åº”æˆ‘ - å°çº¢ä¹¦
https://www.xiaohongshu.com/discovery/item/678c73cb0000000019032fa9?source=webshare&xhsshare=pc_web&xsec_token=ABvIprBRn-CIvaxVsB2kAB-q3vIE3m4q9cqBfEFOjUji0=&xsec_source=pc_share,äººåœ¨æ— è¯­çš„æ—¶å€™çœŸçš„ä¼šç¬‘ - å°çº¢ä¹¦
https://www.xiaohongshu.com/discovery/item/67889aef00000000190198fe?source=webshare&xhsshare=pc_web&xsec_token=ABct81zo7b23TAeZb1PZTKSZO5f2SzvxCUHpLd1aR2-ko=&xsec_source=pc_share,
https://www.xiaohongshu.com/discovery/item/67f30966000000001c000cfd?source=webshare&xhsshare=pc_web&xsec_token=ABhacbo_eLBL1H2GDqcxQBpnLhNiEc3eo30P5QnTzsf3Q=&xsec_source=pc_share,
https://www.xiaohongshu.com/discovery/item/67da1481000000001b024dd6?source=webshare&xhsshare=pc_web&xsec_token=ABLqnHtaAreZZDQd8al1Z2jAV4kF2kRK-caP_5qAmfGF0=&xsec_source=pc_share,åœ¨å¸ƒæ‹‰æ ¼è¢«ç”·æœ‹å‹æ°”å“­å…¨ç¨‹å®å½• - å°çº¢ä¹¦
https://www.xiaohongshu.com/discovery/item/67f51b7b000000001201dc94?source=webshare&xhsshare=pc_web&xsec_token=ABUBLO5Dh_oEn4AtvKKpjzIrso_I8XQkkJm_CKYq1JoZI=&xsec_source=pc_share,
https://www.xiaohongshu.com/discovery/item/67ef7a43000000000f03b322?source=webshare&xhsshare=pc_web&xsec_token=AB7g9MgKyd3tgYupxOxd7mTHXPlOuZmSQVuug47gv9ASE=&xsec_source=pc_share,å’Œnpyæ—…æ¸¸æ—¶åµæ¶ - å°çº¢ä¹¦
https://www.xiaohongshu.com/discovery/item/15ed98ce-7452-47d8-b973-678a1e749cf9#1744635765176?source=webshare&xhsshare=pc_web&xsec_token=ABXx7EMlJ3UE9LrQI7E4H8jbE3j4nOmhsE--3G7Gz3gkUETZ9luOJVCMoVop7O-BXUbrp6PBpp0MKISpR7U1HrueIvSfqGDbrGkRXyPqnIZdg=&xsec_source=pc_share,
https://www.xiaohongshu.com/discovery/item/6733a9af000000001b02c0a9?source=webshare&xhsshare=pc_web&xsec_token=ABEk8JYVI_iWSjItt_6rvU0dUkr6kT1J5mixVuueFm9gk=&xsec_source=pc_share,å› ä¸ºä¸å›ä¿¡æ¯åµæ¶äº†â€¦ - å°çº¢ä¹¦
https://www.xiaohongshu.com/discovery/item/66ee8ff40000000027002e87?source=webshare&xhsshare=pc_web&xsec_token=AB6s4x69zefzp9-xppdRtoh0ATQ8DipIBKC5KO9t-4H-Y=&xsec_source=pc_share,å’Œæ—¥ç”·æ—¥å¸¸å°±æ˜¯éšæ—¶éšåœ°å¤§å°åµ - å°çº¢ä¹¦
https://www.xiaohongshu.com/discovery/item/662fa19e000000001e033e2a?source=webshare&xhsshare=pc_web&xsec_token=ABQ0TKQbZwXbunYeOz0tadrbGtuibLRCEOHyNBgCO9m3A=&xsec_source=pc_share,æƒ…ä¾¶åµæ¶æ€éº¼è¾¦ğŸ‘‰ğŸ‘ˆ - å°çº¢ä¹¦
https://www.xiaohongshu.com/discovery/item/67fcd62a000000001c0363a7?source=webshare&xhsshare=pc_web&xsec_token=ABOnvs_tB4ciak4jA-hC2so61gqkNj3u4SwBR2FukJLOk=&xsec_source=pc_share,æƒ…ä¾£åµæ¶ï¼Œç”·æ€§å“„ä¸åŠ¨è¿˜æ˜¯ä¸æƒ³å“„ä¼´ä¾£ï¼Ÿ - å°çº¢ä¹¦
https://www.xiaohongshu.com/discovery/item/66ced17c000000001d01790a?source=webshare&xhsshare=pc_web&xsec_token=ABoto40WaA9isu18XCKY1t2jN-oGROZSHFBadS9DcTOMM=&xsec_source=pc_share,å…«æœˆä»½å¥³æœ‹å‹ç”Ÿæ°”åŸå›  - å°çº¢ä¹¦
https://www.xiaohongshu.com/discovery/item/67dd4531000000001d02195e?source=webshare&xhsshare=pc_web&xsec_token=ABhQwB4x1mWT6L69gDvIyiBbFSFHzh2TOq3Jx5bp_sWb4=&xsec_source=pc_share,å‘ç°äº†ä¸€ä¸ªç»ˆç»“æƒ…ä¾£åµæ¶çš„ç¥å™¨ - å°çº¢ä¹¦
https://www.xiaohongshu.com/discovery/item/67d9fe97000000001b03f96d?source=webshare&xhsshare=pc_web&xsec_token=ABOizXawWtGzUMXeOVW8eAoSjfRhpHxaodIeokUolzbM0=&xsec_source=pc_share,å› ä¸ºæ¸¸æˆé—®é¢˜åµæ¶äº† - å°çº¢ä¹¦
https://www.xiaohongshu.com/discovery/item/67042040000000002a03139b?source=webshare&xhsshare=pc_web&xsec_token=AB3PLII-nGh2SwkILGB52BLWbRLO2zU6h9OgNTWACo65c=&xsec_source=pc_share,
https://www.xiaohongshu.com/discovery/item/65b87d65000000002c029841?source=webshare&xhsshare=pc_web&xsec_token=ABE2pEdH29s34iM9qaXCKX812_GwhPbO3WEb-HeaKQuz4=&xsec_source=pc_share,æœ‰æ²¡æœ‰äººå’Œæˆ‘ä¸€æ · - å°çº¢ä¹¦
https://www.xiaohongshu.com/discovery/item/15ed98ce-7452-47d8-b973-678a1e749cf9#1744635765176?source=webshare&xhsshare=pc_web&xsec_token=ABXx7EMlJ3UE9LrQI7E4H8jbE3j4nOmhsE--3G7Gz3gkUETZ9luOJVCMoVop7O-BXUbrp6PBpp0MKISpR7U1HrueIvSfqGDbrGkRXyPqnIZdg=&xsec_source=pc_share,
https://www.xiaohongshu.com/discovery/item/67e5820c0000000009039d8d?source=webshare&xhsshare=pc_web&xsec_token=ABErIXSjdRR--Sm8JRPdWS0rqTxeaWXD7QwLK1OTLCpd8=&xsec_source=pc_share,å’Œç”·æœ‹å‹å› ä¸ºç‹è€…è£è€€åµæ¶äº† - å°çº¢ä¹¦
https://www.xiaohongshu.com/discovery/item/67dcd356000000000d015dc2?source=webshare&xhsshare=pc_web&xsec_token=AB1qIrdRrmUdtryTk3p2yu9AklsrKlyiNdC5vPsETHo0k=&xsec_source=pc_share,ç”·æœ‹å‹çš„æŸå›¢å¤‡æ³¨ ç ´æ¡ˆäº†åˆ†æ‰‹ğŸ¥¹ - å°çº¢ä¹¦
https://www.xiaohongshu.com/discovery/item/67c084d900000000290146ce?source=webshare&xhsshare=pc_web&xsec_token=ABWX77d0KjG6Mm79wFUW8Nv_1c1GEZsIWJCjnW8CeIt3U=&xsec_source=pc_share,å‡Œæ™¨ä¸¤ç‚¹ï¼Œæˆ‘åœ¨å•æ‰€è¾¹å“­è¾¹æ‰“ä¸‹è¿™æ®µè¯â€¦ - å°çº¢ä¹¦
https://www.xiaohongshu.com/discovery/item/67f69686000000001201cf82?source=webshare&xhsshare=pc_web&xsec_token=ABegbe9_FzHK3YOCiq4r0asxpGWrwIvaGKqo9HE1AIbwU=&xsec_source=pc_share,
https://www.xiaohongshu.com/discovery/item/67ad46cb000000001800e1b1?source=webshare&xhsshare=pc_web&xsec_token=AB8pJLql-cPuxbqMxIeIxMCEkqOdGxMVOPGxkE3Md9qbg=&xsec_source=pc_share,å¥³æœ‹å‹å…»æŠ¤è¯´æ˜ä¹¦19ï¼šåµæ¶ä¸è¦åªè¯´å¯¹ä¸èµ· - å°çº¢ä¹¦
https://www.xiaohongshu.com/discovery/item/67ef81dd000000001d01e1c7?source=webshare&xhsshare=pc_web&xsec_token=AB7g9MgKyd3tgYupxOxd7mTDRmV6qJDzK3ocXNJ--ww7U=&xsec_source=pc_share,
https://www.xiaohongshu.com/discovery/item/67c319b8000000000e006166?source=webshare&xhsshare=pc_web&xsec_token=ABB3qKLLQys5U9FcMhn11c1MVS0rekHzqxZFhoJmhlju8=&xsec_source=pc_share,å»çˆ±å°å°çš„ä½  - å°çº¢ä¹¦
https://www.xiaohongshu.com/discovery/item/67d4ff600000000003028c24?source=webshare&xhsshare=pc_web&xsec_token=ABmi2LASz5NFRu_7xwAsepfc5l696D53MvWUVXsO8YqwY=&xsec_source=pc_share,ä¸‹é›¨å¤©çœŸæ˜¯å…‹æˆ‘æ˜¯å—ğŸ˜…åªè¦ä¸‹é›¨å°±åˆ†æ‰‹ğŸ’” - å°çº¢ä¹¦
https://www.xiaohongshu.com/discovery/item/677219c2000000000902f354?source=webshare&xhsshare=pc_web&xsec_token=ABYlnP2d2n7nDhSPyLF8Y-Y7dQtdYHIBoh49K98IbYQnA=&xsec_source=pc_share,ä½ çŸ¥é“ä¸ºä»€ä¹ˆä½ ä»¬æ€»æ˜¯åµæ¶å— - å°çº¢ä¹¦
https://www.xiaohongshu.com/discovery/item/673f380900000000020284df?source=webshare&xhsshare=pc_web&xsec_token=ABnyl1CvgDSGw9VYT43TnuWui1feUN1vAZGnoaokFWnQM=&xsec_source=pc_share,è¢«ç”·æœ‹å‹å¼äº†ä¸€æ™šä¸Š - å°çº¢ä¹¦
https://www.xiaohongshu.com/discovery/item/649fc7e40000000007038df4?source=webshare&xhsshare=pc_web&xsec_token=AB4cI24pusTkmB1CecvPglwPJyGLI699Cpoh8EK2Kv5iY=&xsec_source=pc_share,æƒ…ä¾£ä¹‹é—´åµæ¶çš„åŸå› æœ‰å¤šç¦»è°± - å°çº¢ä¹¦
https://www.xiaohongshu.com/discovery/item/652591da-bfd1-4218-936d-9f1f956848a1#1744635796229?source=webshare&xhsshare=pc_web&xsec_token=ABbyIkL7VZjRVeNfNIeun4wpSBq8Pd0wz3V0A8s9rXfpFUhtExJPHU_Giq6iPxkeG7RE8Uu7Ye4adfNAv0HA8a4NdcNtd85J_xSMKosFw_j_I=&xsec_source=pc_share,
https://www.xiaohongshu.com/discovery/item/67d2e46b000000001e00351a?source=webshare&xhsshare=pc_web&xsec_token=ABx-V3XkgV4C2vjXUbuv-FYxBYykvoOQYk_6K7qRmTA90=&xsec_source=pc_share,è·Ÿç”·æœ‹å‹åµæ¶äº† - å°çº¢ä¹¦
https://www.xiaohongshu.com/discovery/item/6789ac82000000001603fe49?source=webshare&xhsshare=pc_web&xsec_token=ABBNKDwODqey0UCzmVGPeHjYvwt-DEb5ZddPIZ0QVUT4c=&xsec_source=pc_share,å¤ªå¥½äº†æ˜¯åµæ¶å‹æƒ…ä¾£ - å°çº¢ä¹¦
https://www.xiaohongshu.com/discovery/item/67485a250000000002028ec5?source=webshare&xhsshare=pc_web&xsec_token=ABN7eS-QB3AMJCS9tO3ZKtNV-GDZ1BzQKpfVCTGn6yHoI=&xsec_source=pc_share,
https://www.xiaohongshu.com/discovery/item/67f317e9000000001201fd28?source=webshare&xhsshare=pc_web&xsec_token=ABhacbo_eLBL1H2GDqcxQBplOAW4VVOxCIyPWIDvIB0GQ=&xsec_source=pc_share,
https://www.xiaohongshu.com/discovery/item/67922474000000002903b19e?source=webshare&xhsshare=pc_web&xsec_token=AB2WKe5rHVo1yFWpH795aKxzCYLKm9j0tOBWS1k00JWH8=&xsec_source=pc_share,åµæ¶å°±æ˜¯è¯¡è¾©ï¼Œä½ æ è¿˜æ˜¯æˆ‘å¯¹ - å°çº¢ä¹¦
https://www.xiaohongshu.com/discovery/item/651546f7000000001a015454?source=webshare&xhsshare=pc_web&xsec_token=ABH9bUyTDadlLslVXP4o1r3WxuRI1DSKIBaHVJkets0yo=&xsec_source=pc_share,
https://www.xiaohongshu.com/discovery/item/67c434ca000000001203d948?source=webshare&xhsshare=pc_web&xsec_token=ABx4yDUPlTUHakSzu_vga7Hu788thepB9HNNqhA8NVqVY=&xsec_source=pc_share,å¥³æœ‹å‹æ€»è¦åœ¨å…¬å…±åœºåˆå¤§å£°åµæ¶ - å°çº¢ä¹¦
https://www.xiaohongshu.com/discovery/item/670bb9e4000000001b011ae8?source=webshare&xhsshare=pc_web&xsec_token=AB2X_Ego41ov8QGHimRhL0-qb23RzKbqJhX1EeCY_2z8w=&xsec_source=pc_share,
https://www.xiaohongshu.com/discovery/item/67fc7e3b000000000703716d?source=webshare&xhsshare=pc_web&xsec_token=ABOnvs_tB4ciak4jA-hC2soxtscpgYjY-q5bN3nyVzUzM=&xsec_source=pc_share,ä¸ºä»€ä¹ˆæƒ…ä¾£åµæ¶ä¸­ä¸€èˆ¬é”™çš„éƒ½æ˜¯ç”·æ–¹ - å°çº¢ä¹¦
https://www.xiaohongshu.com/discovery/item/652591da-bfd1-4218-936d-9f1f956848a1#1744635796229?source=webshare&xhsshare=pc_web&xsec_token=ABbyIkL7VZjRVeNfNIeun4wpSBq8Pd0wz3V0A8s9rXfpFUhtExJPHU_Giq6iPxkeG7RE8Uu7Ye4adfNAv0HA8a4NdcNtd85J_xSMKosFw_j_I=&xsec_source=pc_share,
https://www.xiaohongshu.com/discovery/item/67f2757e000000000d017029?source=webshare&xhsshare=pc_web&xsec_token=AB-OKjWH7djrBvq5E7Toz16WoM47ul6YOYqhUsmqCU96w=&xsec_source=pc_share,æš´åŠ› - å°çº¢ä¹¦
https://www.xiaohongshu.com/discovery/item/67b6a7af000000002803f275?source=webshare&xhsshare=pc_web&xsec_token=ABtTQ8qq40szmTxLeHkfUrOfrxBHXRgGbJNFZ4WJowC94=&xsec_source=pc_share,å’Œå¥³æœ‹å‹åµæ¶äº†ï¼Œæ­£ç¡®å¤„ç†æ–¹å¼ - å°çº¢ä¹¦
https://www.xiaohongshu.com/discovery/item/6745e6b8000000000702668e?source=webshare&xhsshare=pc_web&xsec_token=AB31Hb83gDQV3S3aa5DLT6Majir1ZbBulc4_9uer3NoiA=&xsec_source=pc_share,
https://www.xiaohongshu.com/discovery/item/669a3c91000000000a026175?source=webshare&xhsshare=pc_web&xsec_token=AB6zNvbB4QTADHvTNwkA9hxQErzRQJGmFiFxj9gTME-Js=&xsec_source=pc_share,å¹³æ—¶å¿ƒå¹³æ°”å’Œï¼Œä¸€å’Œç”·å‹è¯´è¯å°±ğŸ’¥çˆ†ç‚¸ï¼Ÿ - å°çº¢ä¹¦
https://www.xiaohongshu.com/discovery/item/679f9e76000000002902b617?source=webshare&xhsshare=pc_web&xsec_token=ABpQiJhTqrv77NfL7oGfGS6vG2flqkPhnv-IkbeFj56QY=&xsec_source=pc_share,å½“ä¸€å¯¹æƒ…ä¾£åµæ¶äº† ä½†ä½ æ˜¯ä»–ä»¬çš„å…±åŒå¥½å‹ - å°çº¢ä¹¦
https://www.xiaohongshu.com/discovery/item/67199e3c000000001402cbd1?source=webshare&xhsshare=pc_web&xsec_token=AB9dcYH8RHEUqwGqHwGNu-0e6emMxfBIqediYd3KTOBr0=&xsec_source=pc_share,æˆ‘cpåµæ¶å°±è¿™æ · - å°çº¢ä¹¦
https://www.xiaohongshu.com/discovery/item/6610cb4f00000000040181b7?source=webshare&xhsshare=pc_web&xsec_token=ABjniPjxSXvH5RO9s35n1hdXReyLmuXKCxGLqiFy9K7Gg=&xsec_source=pc_share,åŸæ¥å¤§å®¶éƒ½æ˜¯è¾¹å“­è¾¹çˆ± - å°çº¢ä¹¦
https://www.xiaohongshu.com/discovery/item/65b7b13a000000002d0004c7?source=webshare&xhsshare=pc_web&xsec_token=ABg4CNEyC-P_8DYs_WJZDWkfOfUE5pQn0olC26lrt6Nn8=&xsec_source=pc_share,2024å¹´1æœˆä»½ç”·å¥³æœ‹å‹åµæ¶çš„åŸå›  - å°çº¢ä¹¦
https://www.xiaohongshu.com/discovery/item/67dd9939000000001b03b68a?source=webshare&xhsshare=pc_web&xsec_token=ABhQwB4x1mWT6L69gDvIyiBVbTZO2Z5gX6Rq4xCG4lvDA=&xsec_source=pc_share,
https://www.xiaohongshu.com/discovery/item/67645cc4000000000900f743?source=webshare&xhsshare=pc_web&xsec_token=AB2yhiM5Jxu6vBD5wzHwWVYVPsqmN50Ez-eznZEhg9lz0=&xsec_source=pc_share,ä»–ç§¯å‹å·²ä¹…çš„æƒ…ç»ªç»ˆäºçˆ†å‘ï¼ŒåŸæ¥æˆ‘ä¸€ç›´å¹¸ç¦ - å°çº¢ä¹¦
https://www.xiaohongshu.com/discovery/item/6750355600000000070388d2?source=webshare&xhsshare=pc_web&xsec_token=AB3yVJ0yAi1bgEXy8ka3W1fISDOvp76_e6i0TQgDl6v8o=&xsec_source=pc_share,å½»ç‹¸å°æƒ…ä¾£åµæ¶belike - å°çº¢ä¹¦
https://www.xiaohongshu.com/discovery/item/aa2ba252-83bf-48c4-8727-7c18c87b3640#1744635798360?source=webshare&xhsshare=pc_web&xsec_token=ABXDZsIDqXsIuR-9cCiGbm7qMv7TCPeSX-kGsbUutsG0iZ5l9z5bAW6mS8dbptmxHMxT_xfy__mOnvNeOMhZeUetwmBBfOS11EEY_dl0ZxOe0=&xsec_source=pc_share,
https://www.xiaohongshu.com/discovery/item/672460e60000000019016fca?source=webshare&xhsshare=pc_web&xsec_token=ABfcQew6qh2xryxd7mqTBHZd3Rb26RsaSH8q9G8ptaBZc=&xsec_source=pc_share,
https://www.xiaohongshu.com/discovery/item/66940893000000002500470f?source=webshare&xhsshare=pc_web&xsec_token=ABtmSqFS40lrJekXZzHJxhI93WzSikyb5Oy_ZhQgz9Yxg=&xsec_source=pc_share,LEğŸŒˆ|æ„Ÿæƒ…ç ´è£‚ä¹‹å¯¼ç«ç´¢1âƒ£ï¸ - å°çº¢ä¹¦
https://www.xiaohongshu.com/discovery/item/670aab090000000021008528?source=webshare&xhsshare=pc_web&xsec_token=ABeg2zwysFa6UJ5H5fqTBieMQznCzIu9SodvmQlz_qzjo=&xsec_source=pc_share,å®å® ä¸ºä»€ä¹ˆä¸€åµæ¶å°±è¦å»ç¡å‘¢ æ˜¯è¦æ¶ˆç£¨æˆ‘å— - å°çº¢ä¹¦
https://www.xiaohongshu.com/discovery/item/6749742d0000000007033730?source=webshare&xhsshare=pc_web&xsec_token=AB6LRROMKXHpbQif1Urigtho4RzLrIG3YZjq_DDdN3W1Q=&xsec_source=pc_share,æ˜¨å¤©æ™šä¸Šåµæ¶äº’ç›¸æ”¾äº†ç‹ è¯ä¹‹å#æƒ…ä¾£ #åµæ¶ #ç‹è€… - å°çº¢ä¹¦
https://www.xiaohongshu.com/discovery/item/6553a1c6000000001703487e?source=webshare&xhsshare=pc_web&xsec_token=ABAahfrsIsvZ2nZ9u-228ROt0PJojWXyaRM6qzTeaj0Ew=&xsec_source=pc_share,åµæ¶æ°¸è¿œæ˜¯å½“å¤©è§£å†³é—®é¢˜ - å°çº¢ä¹¦
https://www.xiaohongshu.com/discovery/item/67e5239b000000001c02d438?source=webshare&xhsshare=pc_web&xsec_token=ABErIXSjdRR--Sm8JRPdWS0padZhB0b7NaX9sZnXJC7hI=&xsec_source=pc_share,wocæŠŠç”·æœ‹å‹å¼„å“­å†äº²ä¹Ÿå¤ªçˆ½äº†å•Šå•Šå•ŠğŸ¥µ - å°çº¢ä¹¦
https://www.xiaohongshu.com/discovery/item/6756e22d000000000103f7b6?source=webshare&xhsshare=pc_web&xsec_token=ABQzrK0KzGylwcKxeUOcGyZQ5XUrNOuiJVWE6DDBWX0tk=&xsec_source=pc_share,åµæ¶åˆç…§ï¼Œä¸¤ä¸ªäººæ»¡è„¸éƒ½æ˜¯å«Œå¼ƒhhh - å°çº¢ä¹¦
https://www.xiaohongshu.com/discovery/item/6636fb6a000000001e027958?source=webshare&xhsshare=pc_web&xsec_token=ABn4wbmESA8QZJY7lYjRPpea_fYSMoEBlOCf9LmrSoonQ=&xsec_source=pc_share,lalalalala - å°çº¢ä¹¦
https://www.xiaohongshu.com/discovery/item/67f79894000000000d0179cd?source=webshare&xhsshare=pc_web&xsec_token=ABXtmnuQtndECroQrjWfrBTOlKzh4Sg6TA5jHvzkoW12Q=&xsec_source=pc_share,åµå®Œå°±å“­æ˜¯ä»€ä¹ˆåŸå› ï¼Ÿ - å°çº¢ä¹¦
https://www.xiaohongshu.com/discovery/item/67ec0c3b000000001c01f1cd?source=webshare&xhsshare=pc_web&xsec_token=ABVHu0kTfal1SN4485ey_SJJHOLaZcsHUMX1FOdVBhbW8=&xsec_source=pc_share,å¼‚åœ°åµæ¶çœŸçš„å¾ˆå´©æºƒğŸ˜­ - å°çº¢ä¹¦
https://www.xiaohongshu.com/discovery/item/6743237a000000000703a558?source=webshare&xhsshare=pc_web&xsec_token=ABgFFKUv9SLfwW6awuj3N1-kBzm6VTRlZGcdWGAEq6vNk=&xsec_source=pc_share,ç¬¬ä¸€æ¬¡çœŸæ­£æ„ä¹‰ä¸Šå’Œå§å§åµæ¶Le - å°çº¢ä¹¦
https://www.xiaohongshu.com/discovery/item/667e8958000000001f00760c?source=webshare&xhsshare=pc_web&xsec_token=ABOm2OjNfwL4a0xGC8daFKGVlwt7h8GNH3gzIbV3dteuA=&xsec_source=pc_share,è¿ªå£«å°¼è¿™æŠŠæ¤…å­æœ‰éšè—é¡¹ç›® - å°çº¢ä¹¦
https://www.xiaohongshu.com/discovery/item/67c9a7de000000000b016aab?source=webshare&xhsshare=pc_web&xsec_token=AB7XCes-EwdcQyIUwppcc5HuXrSl2MGvbKYBf19Hj2Bbs=&xsec_source=pc_share,
https://www.xiaohongshu.com/discovery/item/67f7a1b9000000001c005ac7?source=webshare&xhsshare=pc_web&xsec_token=ABXtmnuQtndECroQrjWfrBTD2k6mTSVU5hUoDe_MqD5mo=&xsec_source=pc_share,
https://www.xiaohongshu.com/discovery/item/67f65399000000000d017a0f?source=webshare&xhsshare=pc_web&xsec_token=ABegbe9_FzHK3YOCiq4r0as7csDYPItO0OuY7rZw-r9Es=&xsec_source=pc_share,Leä¸¨çˆ±ç”Ÿé•¿åœ¨æ¯ä¸€æ¬¡äº‰åµåçš„æ‹¥æŠ±é‡Œ - å°çº¢ä¹¦
https://www.xiaohongshu.com/discovery/item/67f427c7000000000d014d8c?source=webshare&xhsshare=pc_web&xsec_token=ABoVbAEVxIlxx60z4uGSILPxsGSUZ98RHbNyWUuSMWmG8=&xsec_source=pc_share,
https://www.xiaohongshu.com/discovery/item/67f52c2c000000000b01668e?source=webshare&xhsshare=pc_web&xsec_token=ABUBLO5Dh_oEn4AtvKKpjzIjKl-KH2CJdcOGaijwBoHUI=&xsec_source=pc_share,æœ¬æ¥ä¸¤å¤©ä¸€å°åµï¼Œä¸‰å¤©ä¸€å¤§åµ - å°çº¢ä¹¦
https://www.xiaohongshu.com/discovery/item/6742082a000000000703a5b9?source=webshare&xhsshare=pc_web&xsec_token=ABTEW0mkkTCJXK5TCmxi8SICSmEqrJrVIFpmqSeCzYRZA=&xsec_source=pc_share,Le|è¶Šæ¥è¶Šè§‰å¾—åµæ¶åœ¨æ‹çˆ±ä¸­çœŸçš„å¿…ä¸å¯å°‘ - å°çº¢ä¹¦
https://www.xiaohongshu.com/discovery/item/6449bcc50000000027000175?source=webshare&xhsshare=pc_web&xsec_token=ABVnXuUIdsO6IWGdtYrWD6dL5TIBv1NmUZvbAAJcMeXYU=&xsec_source=pc_share,ä¸ºä»€ä¹ˆåµå®Œæ¶AAAï¼Œä¼šæ¯”å¹³æ—¶æ›´çˆ½ï¼Ÿ - å°çº¢ä¹¦
https://www.xiaohongshu.com/discovery/item/67bafee0000000000603cab4?source=webshare&xhsshare=pc_web&xsec_token=AB6DChXFp62dH0ZCQZDNq4IEMjkOEf_HzYrqVQASE_0Dw=&xsec_source=pc_share,å¤§å®¶è·Ÿå¯¹è±¡äº‰åµæœ€å¤šçš„åŸå› æ˜¯ä»€ä¹ˆå•Šï¼Ÿ - å°çº¢ä¹¦
https://www.xiaohongshu.com/discovery/item/67f774cd000000001c00e7e2?source=webshare&xhsshare=pc_web&xsec_token=ABXtmnuQtndECroQrjWfrBTHdEMXtSstBaU2GeHaospz8=&xsec_source=pc_share,ç¦»è°±äº†ï¼å’Œç”·å‹æ—…æ¸¸ä¸‰å¤©åµäº†äº”æ¬¡ï¼ï¼ - å°çº¢ä¹¦
https://www.xiaohongshu.com/discovery/item/67cebc55000000001201d0cf?source=webshare&xhsshare=pc_web&xsec_token=ABKEuSv3YERujwDO_0xLljxTmZcJRBens75R3PKFzp5L0=&xsec_source=pc_share,æ‹çˆ±ç¬”è®°ğŸğŸ’ï¼šä¸€äº›å¥åº·æ‹çˆ±çš„ä¿¡å·ğŸ“¡ - å°çº¢ä¹¦
https://www.xiaohongshu.com/discovery/item/67ebc8e3000000001c00dac1?source=webshare&xhsshare=pc_web&xsec_token=AB1HuZTzmAiOXcNMuRrLD_9h49b3jFnkDSHEk_BpsAPJI=&xsec_source=pc_share,ç”·æœ‹å‹ä¹°çš„è°·å­æˆ‘ä¸å–œæ¬¢ï¼Œè¦åˆ†æ‰‹å—ï¼Ÿ - å°çº¢ä¹¦
https://www.xiaohongshu.com/discovery/item/66f8cafb000000001b020ad3?source=webshare&xhsshare=pc_web&xsec_token=ABJzxKypEPc_ZWmUyDCvVjcljcaDMqRVDJ80Y71wGZZj8=&xsec_source=pc_share,ä¸ºä»€ä¹ˆå’Œç”·æœ‹å‹åœ¨ä¸€èµ·è¶Šé•¿æ—¶é—´å¯¹ä»–çš„è¦æ±‚å¥½åƒåœ¨æ— å½¢çš„å˜å¤šï¼Œæ‰€æœ‰äº‰åµéƒ½æºè‡ªäºæˆ‘æƒ³è¦æ”¹å˜ä»–ï¼ŒæŠŠä»–å˜æˆæˆ‘æƒ³è±¡çš„é‚£æ ·ï¼Œè¿™æ˜¯ä¸å¯èƒ½çš„ã€‚ ä½†æœ‰æ—¶å€™ä»–çš„è¯ä¹ŸçœŸçš„ä¼šè®©æˆ‘é™·å…¥æ²‰æ€ï¼Œæ˜¨å¤©åˆšå› ä¸ºä»–æ€»æ˜¯èŠå¤©çªç„¶æ¶ˆå¤±ï¼Œç†å¿µä¸åŒåµæ¶å’Œå¥½ï¼Œä¹°é¥­çš„æ—¶å€™æˆ‘è¯´è¦è¾£çš„ ä»–å¼€ç©ç¬‘è¯´æˆ‘ä»¬ä¿©è„¸ä¸Šçš„ç—˜æ€ä¹ˆæ€ä¹ˆï¼Œå½“æ—¶çš„æ„Ÿå—æ˜¯çœŸçš„ä¸å¼€å¿ƒäº†ï¼Œæ€»è§‰å¾—åƒä¸ªé¥­è¦æç—˜ï¼Œè®©æˆ‘è§‰å¾—è¢«è¯´æ•™ï¼Œæœ¬èº«æ˜¯ä»¶å¼€å¿ƒçš„äº‹ã€‚å›å»çš„è·¯ä¸Šä¸çŸ¥é“è¯´ä»€ä¹ˆæ¥ç€ï¼Œä»–è¯´äº†å¥ï¼Œåˆ«æ•´å¤©å°±åªçŸ¥é“æƒ…æƒ…çˆ±çˆ±ã€‚è¿™è¯è¯´çš„ï¼Œä¹Ÿè®¸æ¢ä¸ªæ–¹å¼å‘Šè¯‰æˆ‘è®©æˆ‘æ³¨æ„åŠ›è½¬ç§»ä¸€ä¸‹ä¸è¦å› ä¸ºè¿‡å¤šå…³æ³¨æ„Ÿæƒ…è€Œäº‰åµç€æˆ‘ä¹Ÿå¯ä»¥æ¥å—ï¼Œå¯æ˜¯å´ç”¨äº†ä¸€ç§ä¸è€çƒ¦æˆ–è€…è´£æ€ªæˆ‘çš„è¯­æ°”è¯´ä¸è¦æ•´å¤©å°±åªçŸ¥é“æƒ…æƒ…çˆ±çˆ±ã€‚å½“æ—¶æ²¡æœ‰äº‰åµï¼Œåªæ˜¯è¿™å¥è¯ä¸€ä¸‹å°±è¿›å¿ƒé‡Œäº† - å°çº¢ä¹¦
https://www.xiaohongshu.com/discovery/item/67e13c27000000001d023710?source=webshare&xhsshare=pc_web&xsec_token=ABJbmQzfijwZojOm_pMOvxrCPCiKSV89eT6VvWGF_jBWE=&xsec_source=pc_share,
https://www.xiaohongshu.com/discovery/item/6796ac4b000000001902c37a?source=webshare&xhsshare=pc_web&xsec_token=AB3W2m7R77NoAoRGX-8a9FxFyZ3Qki34A1VI7qk9mrf9A=&xsec_source=pc_share,å°æƒ…ä¾£åµæ¶ - å°çº¢ä¹¦
https://www.xiaohongshu.com/discovery/item/65fd7dfe000000000d00f965?source=webshare&xhsshare=pc_web&xsec_token=ABqSRdHJ1YuC7URdsp5o8e15mA2NXQrfPmCjkXpcqra-Q=&xsec_source=pc_share,è¿™å¯æ€ä¹ˆåŠå‘ï¼ï¼ï¼ - å°çº¢ä¹¦
https://www.xiaohongshu.com/discovery/item/67af2a4d000000001902f592?source=webshare&xhsshare=pc_web&xsec_token=ABFN9n8G7JWvoF2cpmn_dzmiYb39OCVccGo6eMGPGSZMo=&xsec_source=pc_share,æ— æƒ…åˆ¤å®˜ - å°çº¢ä¹¦
https://www.xiaohongshu.com/discovery/item/66eae8b600000000270026ae?source=webshare&xhsshare=pc_web&xsec_token=ABhdGxUHEuduBdshlAuXaK86iCeoOuJPQG7cKF0uxVV9U=&xsec_source=pc_share,
https://www.xiaohongshu.com/discovery/item/67f7864e000000001c01c233?source=webshare&xhsshare=pc_web&xsec_token=ABXtmnuQtndECroQrjWfrBTMyyI0U4p5Cq6UbnkO2ItGM=&xsec_source=pc_share,
https://www.xiaohongshu.com/discovery/item/67e00607000000001c004162?source=webshare&xhsshare=pc_web&xsec_token=ABtp44OgRNmXiCd2MeyxoovByarseZB2TLty01OZHAWmQ=&xsec_source=pc_share,
https://www.xiaohongshu.com/discovery/item/6450cfd50000000013034654?source=webshare&xhsshare=pc_web&xsec_token=ABPdjp9f84O06PglXLBZpOHD-HWxo5mDWDaNZLl8_lJTs=&xsec_source=pc_share,æˆ‘çˆ¸å¦ˆåµæ¶äº†ã€‚æˆ‘çˆ¸ç”¨æŒ‚é¢é“æ­‰...... - å°çº¢ä¹¦
https://www.xiaohongshu.com/discovery/item/67fa2d9f000000001c011c91?source=webshare&xhsshare=pc_web&xsec_token=ABNHGL3SGE-XCE1sgg8nOdb9iWo3T4l2GOfbGzCt6_ZTo=&xsec_source=pc_share,æƒ…ä¾£åµæ¶å®å½• - å°çº¢ä¹¦
https://www.xiaohongshu.com/discovery/item/67d6a6ed000000001c00e2f7?source=webshare&xhsshare=pc_web&xsec_token=ABXsESWtz-aKKbv-_s0Ug59Ot1HXl-8wtG3RxLKEeVKXk=&xsec_source=pc_share,æˆ‘ä»¬åªæ˜¯åµæ¶äº†ï¼Œåˆä¸æ˜¯ä¸çˆ±äº† - å°çº¢ä¹¦
https://www.xiaohongshu.com/discovery/item/67e10fe2000000000b01502f?source=webshare&xhsshare=pc_web&xsec_token=ABJbmQzfijwZojOm_pMOvxrD1NmYThybyuhNtE4EsLrKg=&xsec_source=pc_share,è·Ÿç”·æœ‹å‹åµæ¶éå¸¸å‡¶è¿™ç§è¿˜èƒ½å’Œå¥½å— - å°çº¢ä¹¦
https://www.xiaohongshu.com/discovery/item/6643a4e3000000001e01d626?source=webshare&xhsshare=pc_web&xsec_token=ABFDDeFEH_cBukU3bD01wViwmCCxsRHn7nnlmSojV0SHk=&xsec_source=pc_share,ä¸ºä»€ä¹ˆä½ åµæ¶æ€»æ˜¯åµä¸èµ¢ï¼ˆä¸Šï¼‰ - å°çº¢ä¹¦
https://www.xiaohongshu.com/discovery/item/67f474c5000000000f0396e3?source=webshare&xhsshare=pc_web&xsec_token=ABoVbAEVxIlxx60z4uGSILP8z4ur02o42cERSUFzyv44I=&xsec_source=pc_share,å½“ä½ ä¸‰åå²äº†è·Ÿå¯¹è±¡åµæ¶belikeâ€¦ - å°çº¢ä¹¦
https://www.xiaohongshu.com/discovery/item/66d6f77d000000000c018e70?source=webshare&xhsshare=pc_web&xsec_token=AB33tDMrDMkdPZEv-l16thC4Dyr-C6KKmlBPbvjYtebZg=&xsec_source=pc_share,ç”·å‹å“¥ï¼Œä½ çœŸçš„åœ¨ä¹æˆ‘çš„çœ¼æ³ª - å°çº¢ä¹¦
https://www.xiaohongshu.com/discovery/item/6675f062000000001e01113a?source=webshare&xhsshare=pc_web&xsec_token=ABtHVZxxHSIsFB2AA1sgEWNgZC2vPIjassiCm6p37s6JE=&xsec_source=pc_share,å¥³å‹è·Ÿæˆ‘åµæ¶åŸå›  - å°çº¢ä¹¦
https://www.xiaohongshu.com/discovery/item/67fa9a0f000000000b01c387?source=webshare&xhsshare=pc_web&xsec_token=ABNHGL3SGE-XCE1sgg8nOdbx6cu7OvN25lbHhGPtxTpUI=&xsec_source=pc_share,
https://www.xiaohongshu.com/discovery/item/677e46320000000001000806?source=webshare&xhsshare=pc_web&xsec_token=ABpGiyKcpdRzUStlaWEJJKhGQPaw6mmg3wCI6xGYnLn2Q=&xsec_source=pc_share,ç°ä»£å‘AIèŠå¤©æ¢—ğŸ‰å’ŒAIèŠå¤©çš„30ä¸ªå°å‰§æƒ…âœ¨ - å°çº¢ä¹¦
https://www.xiaohongshu.com/discovery/item/67e94415000000000900c0a5?source=webshare&xhsshare=pc_web&xsec_token=AB5C0xhYaNhktGugP3ftwjV-4A7TiW2xvWU2BYOzSwE68=&xsec_source=pc_share,
https://www.xiaohongshu.com/discovery/item/672ad95a000000001a01fd35?source=webshare&xhsshare=pc_web&xsec_token=ABU1tsStlsdo5QpGwAhayzvWzGFDuW1ZQsuwpwqEBxaOQ=&xsec_source=pc_share,è¿™æ‰æ˜¯çœŸæ­£çš„å¯¹æŠ—è·¯æƒ…ä¾£ - å°çº¢ä¹¦
https://www.xiaohongshu.com/discovery/item/67e6d3140000000009015c0c?source=webshare&xhsshare=pc_web&xsec_token=ABdrJRwrOnSu4ES0IOswG8nHyqHoVZ74qwkCfKwL6dbGI=&xsec_source=pc_share,å› ä¸ºä¸€äº›åŸå› ç”·æœ‹å‹ä¸€å®šè¦åˆ†æ‰‹ - å°çº¢ä¹¦
https://www.xiaohongshu.com/discovery/item/67bdc1d7000000002902b345?source=webshare&xhsshare=pc_web&xsec_token=ABbLklynC1zqbhQN0aldkSJp91xam6B6AAL6siMDr3MRw=&xsec_source=pc_share,å¹³ç­‰çš„è®¨åŒæ¯ä¸€å¯¹æƒ…ä¾£ğŸ™‚ğŸ™‚ğŸ™‚ğŸ™‚ğŸ™‚ - å°çº¢ä¹¦
https://www.xiaohongshu.com/discovery/item/67fc1239000000001d03b3bf?source=webshare&xhsshare=pc_web&xsec_token=ABOnvs_tB4ciak4jA-hC2so7U_THjJfX15KKOezkr1GSE=&xsec_source=pc_share,çœŸæ— è¯­ï¼Œç¡å¾—æ­£é¦™ã€‚è¢«æ¥¼ä¸‹å°æƒ…ä¾£åµæ¶åµé†’äº†ï¼Œå–äº†é…’å°±æ§åˆ¶ä¸ä½çš„äººèƒ½ä¸èƒ½æ»šå‡ºå»å•Šã€‚å–Šä»–ä»¬å»åˆ«çš„åœ°æ–¹åµï¼Œè¢«ç”·çš„å„ç§é—®å€™æˆ‘èƒ½ä¸èƒ½æŠ¥è­¦å•Š æˆ‘ä¸€ç‚¹ä¹Ÿä¸æƒ³å¬ä»–ä»¬çš„è°è¢«è°åˆ äº†ã€‚ç”·çš„è¿˜å„ç§ç”µè¯é—®å€™æœ‹å‹ã€‚çœŸçš„å–ç‚¹é…’å°±ä¸åšäººäº†ã€‚è°æ¥æ•‘æ•‘ä¸€ä¸ªåªæƒ³ç¡ä¸ªå¥½è§‰çš„å°å¥³å­©ï¼Œæ˜å¤©è¿˜ä¸Šç­å‘¢#æ— ç†å–é—¹çš„äººäºº#æ‹›è°æƒ¹è°äº† - å°çº¢ä¹¦
https://www.xiaohongshu.com/discovery/item/67de510d000000001b03bfc8?source=webshare&xhsshare=pc_web&xsec_token=ABkVSrN3l5oZ9IX9rsVBEhPAQayYuG7NVJOi270_lIQaE=&xsec_source=pc_share,æ„Ÿè§‰å¿«åˆ†æ‰‹äº†â€¦â€¦ - å°çº¢ä¹¦
https://www.xiaohongshu.com/discovery/item/67e84721000000001d005d1c?source=webshare&xhsshare=pc_web&xsec_token=ABUX4C99Whey283h0Jm1XoZJaiE48Z3bENrg-Y7uBFIgQ=&xsec_source=pc_share,ç†æ™ºå‘Šè¯‰æˆ‘è¯¥åˆ†æ‰‹äº† - å°çº¢ä¹¦
https://www.xiaohongshu.com/discovery/item/67f53632000000001a006e2e?source=webshare&xhsshare=pc_web&xsec_token=ABUBLO5Dh_oEn4AtvKKpjzIn2Wa227SnFX4udoTID7yYw=&xsec_source=pc_share,å¥³æœ‹å‹å¤ªå†°ç«ä¸¤é‡å¤©äº†æ€ä¹ˆåŠï¼Ÿ - å°çº¢ä¹¦
https://www.xiaohongshu.com/discovery/item/67ba219c000000002a00f16b?source=webshare&xhsshare=pc_web&xsec_token=AB6DChXFp62dH0ZCQZDNq4IH0x2Q6HhRnl5ltKek_icjk=&xsec_source=pc_share,éš”å‡ å¤©å°±è¦åµæ¶çœŸçš„ç´¯äº† - å°çº¢ä¹¦
https://www.xiaohongshu.com/discovery/item/678f8491000000001703ae4e?source=webshare&xhsshare=pc_web&xsec_token=ABVEUzYU24FhAbYTiolEHIsGjW6Snjyos5DrHg7L99A88=&xsec_source=pc_share,å¤§å®¶è·Ÿå¯¹è±¡äº‰åµæœ€å¤šçš„åŸå› æ˜¯ä»€ä¹ˆğŸ¤” - å°çº¢ä¹¦
https://www.xiaohongshu.com/discovery/item/670cc2db0000000021000dca?source=webshare&xhsshare=pc_web&xsec_token=ABQpgSe_zuEnUJwisJRPuXcBM1T0IZbj5A7ARde8oX7nc=&xsec_source=pc_share,å½“ä¸¤ä¸ªæ‹§å·´çš„äººæ‹çˆ±åµæ¶ ç®€ç›´â€¦ - å°çº¢ä¹¦
https://www.xiaohongshu.com/discovery/item/67a78a86000000001801a684?source=webshare&xhsshare=pc_web&xsec_token=AB28Irc595jKPtfEFHO9rx43rp4zqIdXtGAMZcWrP1hKc=&xsec_source=pc_share,
https://www.xiaohongshu.com/discovery/item/67fbb170000000000b02fcb7?source=webshare&xhsshare=pc_web&xsec_token=ABFfR6LZOP1MvI9SLqBnCYq3c_cPzV-gPd0cNMU5knQa0=&xsec_source=pc_share,å°æƒ…ä¾£å°±æ˜¯åºŠå¤´åµæ¶â€¦â€¦ - å°çº¢ä¹¦
https://www.xiaohongshu.com/discovery/item/67e988f5000000000e004033?source=webshare&xhsshare=pc_web&xsec_token=AB5C0xhYaNhktGugP3ftwjV905eXkJdFFUtE0W6moFKo0=&xsec_source=pc_share,è¯´åˆ†æ‰‹å°±åˆ†æ‰‹ ä¸ºä»€ä¹ˆè¦è¯´è¿™ç§è¯ã€‚ã€‚ã€‚ - å°çº¢ä¹¦
https://www.xiaohongshu.com/discovery/item/677ea586000000000b03be0b?source=webshare&xhsshare=pc_web&xsec_token=ABpGiyKcpdRzUStlaWEJJKhLvlJXwOpgXIb8-_HWvIZag=&xsec_source=pc_share,çœŸåµæ¶äº† - å°çº¢ä¹¦
https://www.xiaohongshu.com/discovery/item/67f917ca000000001d03899d?source=webshare&xhsshare=pc_web&xsec_token=AB6ahKzJGDzJt2tfQ91wRx1QuEILBLy7oV3puLMwJZpe0=&xsec_source=pc_share,
https://www.xiaohongshu.com/discovery/item/67494c65000000000702b935?source=webshare&xhsshare=pc_web&xsec_token=AB6LRROMKXHpbQif1Urigthn5eri2hJCQbWElY_rn8FLI=&xsec_source=pc_share,å†æ¥ä¸€æ®µï¼Œç»å…¸åµæ¶ - å°çº¢ä¹¦
https://www.xiaohongshu.com/discovery/item/67c97ca8000000000e006417?source=webshare&xhsshare=pc_web&xsec_token=AB7XCes-EwdcQyIUwppcc5Hh5-5C2Pee7e_OHx06MGB7I=&xsec_source=pc_share,ç°ä»£å‘AIèŠå¤©æ¢—ğŸ‰å’ŒAIèŠå¤©çš„28ä¸ªå°å‰§æƒ… - å°çº¢ä¹¦
https://www.xiaohongshu.com/discovery/item/67559644000000000603ee52?source=webshare&xhsshare=pc_web&xsec_token=ABPSezLEGTC1nx8lu96EqAHwIpgXVMsTFNmubrBGxQ7ZY=&xsec_source=pc_share,ç¤¾æ­»ï¼Œé£æœºä¸Šå·å¬æƒ…ä¾£åµæ¶è¢«å‘ç°ã€‚ã€‚ã€‚ - å°çº¢ä¹¦
https://www.xiaohongshu.com/discovery/item/67f8896a000000001c0313cc?source=webshare&xhsshare=pc_web&xsec_token=ABSt8x4JGXpptBnPZ8BElDbd8muDY5hcrWXdRXUllG2Bw=&xsec_source=pc_share,æ°´å…‰ä½ å°±åšå§ï¼Œä¸€åšä¸€ä¸ªä¸å±å£°â€¦ - å°çº¢ä¹¦
https://www.xiaohongshu.com/discovery/item/67bb11ef0000000009039d45?source=webshare&xhsshare=pc_web&xsec_token=AB1_M9MIXolduV6X8GRDlKv7GzoXZF3pCiRL43WrYlFHY=&xsec_source=pc_share,è¿™æ˜¯æœ€åä¸€æ¬¡è¯´â€œåˆ†æ‰‹â€ - å°çº¢ä¹¦
https://www.xiaohongshu.com/discovery/item/67e9fb34000000000b0145de?source=webshare&xhsshare=pc_web&xsec_token=AB5C0xhYaNhktGugP3ftwjV7_f6X2EZIlzVoa3vyGevYo=&xsec_source=pc_sha,åŸä¸­æ‘çš„æƒ…ä¾£ä»¬å¯ä¸å¯ä»¥ä¸è¦é€‰æ‹©å‡Œæ™¨å¹²æ¶ - å°çº¢ä¹¦
