banner,content,title,video,conversation
http://sns-webpic-qc.xhscdn.com/202504151532/e5ef42914fe8e48a8dac9c42a7458996/notes_pre_post/1040g3k831f6hvomd6obg5pmi1vs7efqaruddvf0!nd_dft_wlteh_jpg_3,起因是最近几天男朋友总是一直在打游戏 聊天越来越少 再加上之前被我抓到过和一起打瓦的女生聊天没分寸 最近又总能刷到小红书打瓦cg的帖子 所以我就胡思乱想了… 感觉已经因为游戏的问题吵过很多次了 虽然每次都能说开 但是还是会有新的问题出现 隐隐感觉只要他还打游戏 我们就还会吵架 哎 #爱打游戏的对象 #异地恋 #吵架,因为游戏问题吵架了 - 小红书,,"A: 宝宝不要生气好不好
A: 😢
A: 已拒绝
A: 已拒绝
A: 已拒绝
B: 别打了
B: 求你去玩游戏
A: 未应答
A: 未应答

A: 我以后都不跟他们玩了
B: 别
A: cs和 瓦我都戒了
B: 反正我们总要有一个不开心
A: 我不玩不会不开心
A: 不玩也没事
B: 算了吧
B: 没必要
A: 不玩了 我不想让你生气
A: 能不能接一下 我们语音说好不好

B: 我有什么资格生气
B: 我为什么干涉你的生活
B: 你玩
B: 没什么好说的
A: 你是我的女朋友 想怎么管我都行
B: 以后不聊天了就是了
A: 我真的不玩了
A: 我求求你不要不理我
A: 📞 已拒绝

A: 我已经现在已经不跟女生玩了 下午只要你回我一句我肯定能马上接上
A: 晚上正好碰上意外情况才让你生气
A: 所以我以后不玩了
B: 晚点聊聊吧
B: 我现在真的不想说
A: 嗯
A: 你要过多久
A: 我随时打给你
B: 我想好了找你
A: 好的

B: 我怎么让你改变 其实我上次发现你和那个女生聊天我就明确跟你讲过 不是不让你跟女生玩 但是你自己要搞好和她们玩的分寸 这次的玩游戏同理 游戏是用来娱乐的 不是用来沉迷的 你应该自己掌握好时间的分寸 没有一直在玩其他时间可不可以和我分享你在做什么 如果总是我让你怎么怎么改 哪怕你照做了 但是你真的在心里不会厌烦吗 大家都是成年人 我想没有人愿意被像小时候那样管教 太压抑了 我觉得如果总是要把我希望的强加在你身上 我会觉得你是被迫这样做的 你自己也会很累
B: 不想语音了
B: 还有上面没有很积极的回复你是因为当时真的很生气很心累 不是故意冷暴力 我需要缓冲一下 对不起
A: 这里说开了
A: 因为早上上的两节课我很认真在听 所以下午晚上就报复性的想玩

A: 给你看看你的鞋鞋
A: （图片）
A: 衣服先不给你看
A: 衣服我没拆
B: 昨天 下午11:15
B: 又这样
B: 让我吃个巴掌再塞颗糖
B: 讨厌你
A: 😭😭
A: 之后不吃巴掌都塞糖
A: 宝宝🙂

B: 每天我都在和各种负面信息做对抗
B: 这边还没有你消息
B: 难受
A: 👨‍❤️‍👨👨‍❤️‍👨👨‍❤️‍👨
A: 宝宝不要想太多
A: 宝宝好敏感👨‍❤️‍👨
B: 我就是很敏感
A: 我会多分享的
B: 我讨厌这样
A: 没事 这样说明你在乎我

A: 宝宝想跟你语音😢
A: 想你了
B: 说实话现在我情绪也不是很好
B: 明天直接视频吧
A: 好
A: 呜呜其实我好想你
A: 我都已经想好520的礼物了
A: 🎈（此处根据图片最下方表情补充，若实际无表情可不写） 

A: 再给你打一支强心针
A: 宝宝我只爱你一个人😘
A: 想跟你抱着一起
A: 一直在一起
A: 没事的宝宝
A: 吵架只会让我们更好
A: 我也只会更爱你
B: 😭😭😭
B: 🥺
A: 没有人是完美的 我也不会要求你完美
A: 遇到问题和困难也要找我🥺"
http://sns-webpic-qc.xhscdn.com/202504151617/2176533a318960bf7d8e6e46420aac6b/1040g008319ro12fd7g0049rjotnms20rdr5rd68!nd_dft_wlteh_jpg_3,吵了一场没有缘由的架，还好最后知道了原因，大家都没有错，很多对对方的恶意情绪都是自己幻想出来的，所以就要好好沟通呀个人认为 没有缘由的吵架都是故意恶心对方 反而找到吵架的原因才是和对方关系的进一步磨合～#le #b溃 #情侣吵架 #entp #infp,吵架到b溃 - 小红书,,"B: 我的决定:我们先分开一段时间
原因：
1、我觉得我现在对你的喜欢没办法覆盖掉这几天的你对我不好的态度；
2、你可能不是我的理想伴侣，因为我们俩脾气都太差了，都想要对方的长期包容，不合适，我真的不需要一个比我脾气还大的人当伴侣；
3、我个人认为在很多事情上 (我觉得重要的事情，但你可能觉得不重要) 你没有办法再带领我，找到fullfilment，所有事情都变得很无聊；
4、以前一直觉得你是个很细心的人，或许是被你蒙骗了，这几年我觉得你不是我想象中的那样的。

B: 我甚至可以给你细数一下对我伤害很深的几次：
1、当时你在做罗拉，我数错数了，你吼我
2、我在开车，说了一句你把你妈掏空
3、那天拿快递，自己先回家了，反咬我一口说不报备
4、昨天在东北菜馆的事情

B: 我都觉很莫名其妙，你之前给我的理由是说你便秘了，我不关心你，所以要对我这样。但现在不知道是因为什么，或许是因为姨妈。我从来不记仇，这些事情我能记很久。

B: 以前的我，不管怎么样，都能让这些矛盾过去，但现在好像不可以了。可能是因为我觉得不值得了吧。

B: 你撤回了一条消息

B: 我已经觉得我在这段关系里面，表面看上去是最咋呼的，但实际完全被精神控制，完全不能有自己的发言权和观点。
B: 以上说的，全是我的视角。如果你有不同的版本，你可以告诉我。
A: 好 你等我 有点慢
A: 这几件事情我都记得，我没有告诉你最深层自己所想，我的过激反应对你的伤害我很抱歉。问题在：1.我不能够理智解决困难时刻，会把自己不好的情绪（偶尔厌恶力量训练、力量减弱、克服不了新重量）和事情（你在一旁数错听觉影响注意力）叠加混淆，根因却在我的意志力不稳。2.我极其渴望摆脱父母的控制、试图维护自己独立形象。大学毕

这不是微信聊天截图，图片内容是一段文字，讲述了作者渴望摆脱父母控制、维护独立形象，毕业后在经济上开始独立，但2024年因收入波动和买房与父母频繁联系，经济独立逐渐瓦解，还谈及对经济控制、话语权等方面的担忧。 

这不是微信聊天截图，图片内容是两段文字，主要讲述了当事人在一些事情上的思考，包括因自身考虑欠周引发对方担忧，以及回家后的争吵、沟通无效等情况。 

这是一张微信聊天截图中左侧气泡的内容，说话者反思自己心力变弱，谈及早晨没时间整理家里，对对方精力维持在一些小事上，还提到两人分工模式以及对对方感受方面自己的无奈。

A: 我最近在反思自己的心力，为什么弱了那么多？
这几天早晨的路上，在想为什么没有多的时间整理一下家里呢，哪怕只需要半小时，只能顾上自己冲冲咖啡、看会儿书，来撑起包裹自己的安全感。目前自己的做法会在 to do list上写一些回家要做的小事，尽量做掉。
我对你的精力暂时只能维持在，你做一分，我也做一分、节日提前想好礼物、一起期待去旅行这些小事上。如果你帮我做不喜欢的事，比如开车，我也会解决接下来需要时间处理的琐屑的事，比如洗碗（这不是说你应该做，而是建立在我们默认一人做饭一人洗碗的模式下）。
如果你没能感受到成就感、新鲜感，也无法觉得未来有希望、互相前行，我目前没有好的方法解决。

B: 我现在最大的问题是，我摸不清楚的你情绪
B: 为什么要吵
B: 你现在很乐此不疲
B: 纠错大王
B: 你反复这样，让我觉得你这个人不靠谱，内核不稳。
B: 直到前几天，我觉得我对你已经没有了耐心，所以一吵架我就说要分手
B: 这是我真实的想法，你已经把我对你的喜欢都消磨掉了，恭喜你呢
B: 我现在没有能想起一个生活上的点，想起来会觉得很幸福，会觉得说 你在真好

B: 你也知道啊？为什么反复激怒我？
B: 你这样很不明智
B: 并且已经消耗完了我对你的耐心
B: 且不可挽回
B: 在我看来，是你逼走我的
B: 你一直在说经济独立的破灭，所以你从头到尾就没把我看成一家人的一员
B: 而仅仅是觉得我是个乐于付出的人，你可以接受但你同时获得了压力
B: 说的更直白些，你的未来里根本没有我，因为你不知道怎么还我

A: 我害怕你像我父母一样控制我 在我没有经济独立能力时
B: 真正受害的是我
B: 有时间担心这个 不如好好想想如何提升自己的收入呢
A: 我害怕你像我父母一样控制我 在我没有经济独立能力时
B: 真的很好笑
B: 特别好笑
A: 吵架就可以随便说分手吗 你说得多频繁呢 我说了几次呢自卑差劲就必须要被攻击吗 不坚定的又是谁呢
B: 你不许再指责我了
B: 这样完全没有交流的必要
B: 我说过了 是你消耗掉我的耐心的

B: 你也可以选择包容我
B: 和我好好沟通
B: 可是你没有
B: 一而再再而三的刻意激怒我
B: 你让我说啥
A: 我想要好 我想要在懦弱的时刻被接住 被踹醒也醒 而不是冷嘲热讽
B: 找别人去吧 我接不住
B: 为什么老把希望寄托在别人身上？
A: 我想要接住你 也接过你 现在你面临的成就感 新鲜感问题 我的心力现在不够 能不能渡过去呢

B: 听到的时候是觉得别人这么关注你 然后冷静下来分析她说的有没有道理
B: 一味的反驳，对你没有任何帮助，只会让你自己莫名b溃
B: 我相信你改了这个根本的认知观点
A: 明明是你应该power自己 受不了一点别人的质疑 ok?
B: 你会有更多的余力去挑战更多新的事物
B: 而不是trap在这些让你感受到安全感的东西里
B: 那么 这些问题迎刃而解

B: 现在的核心问题，你再想下吧
B: 我没有要刻意贬低你的意思
B: 在我的认知里 你弱 不是我认为你弱 是你自己也觉得自己弱
B: 我给你分析这么多 也是在接住你 帮助你
B: 因为你根本看不清你自己
B: 只会一味地现在自己的情绪里 成为你自己的受害者
B: 同时 我也变成你口中的加害者
B: （我觉得我说的很好）

B: 🐱（表情）
B: 通话时长 00:49 📞
A: 没声音
B: 通话时长 45:00 📞
B: 宝。你觉得要不要封阳台?
A: 你说新房？倾向于封阳台
B: 我也
B: 我加了那个封阳台的群"
http://sns-webpic-qc.xhscdn.com/202504151712/ff958c84d82ff4715d177759be34890e/1040g00831g0jvt107k0g5opv0j6m5tdjk8gdc50!nd_dft_wlteh_jpg_3,"事情的导火索是前段时间她在准备赴日留学的考试，可能本身压力也比较大，也会放大我们之间的矛盾，她又一次向我表明她是丁克，如果我有不同意见那我们趁早分开，我觉得自己不是坚定的丁克主义，但是人的想法是会变的，可能随着我步入社会，我可能会越来越坚定，也可能会动摇，我们可以把这个问题往后放一放，(我承认这个时候我很舍不得和她分开，而且在我期待自己能够坚定丁克想法的同时，也期待她的想法可以改变)，如果我们最后仍然没有办法达成共识，那我们再分开。如果她不同意这个提议，那我们就只能现在分开了，她当时很生气，现在我也能get到她生气的点，她觉得这个骑驴找马没什么区别，纯纯的渣男行为，可是我是真的觉得，如果若干年后，我如果不想过丁克的生活了，那我们分开应该对彼此都是好的，但是我绝对不会背叛她。后面我和她保证了，我们绝不会因为丁克这个问题分开，但是两个人都有一点累了，两个人除了相爱以外的各种大事都无法达成共识，那么爱可能也会变的沉默。就这样大概过了两周，我们彼此推心置腹的交流了一下，就是我们两个人的追求是不一样的，不管我们接下来选择怎样的生活，都会阉割某一个人的一部分人生追求，那样我们彼此都不会幸福，所以我们应该给彼此更多时间去追求各自想要的生活，所以选择了和平分手。 但是分开后我非常心碎，一方面可能是出于分手后的戒断反应，另一方面我真的不想因为现实问题给我们的感情留下遗憾，觉得出国工作也未尝不是一件好事，毕竟国内的生活压力这么大，而且现在看到小孩子有一点ptsd，会莫名的觉得有点厌恶，我觉得自己本身也不怎么喜欢小孩子，都是成长环境规训带来的认知。 问题有两个: 首先是我们两个的问题，我应不应该尝试挽回这段感情,虽然她可能已经放下了，但是我不想我们两个因为这些事情而留有遗憾，觉得相爱就应该考虑当下的幸福，不过因为她现在在准备赴日留学的考试，所以我也没有打扰她，可能我现在能做的就是学好日语，该拿的证拿到，这样我可能才有资格挽回，但是觉得我们两个的核心问题没有得到解决，在一起了隔阂并没有消除，两个人或许还是很痛苦。 所以其次我想知道，我应该怎么明确自己是否坚持丁克，感觉对自己还没有清晰的认知，或者换句话说，我应该怎么了解自己，看清自己内心的真实需求，这样就算她真的放下了，我也可以正常的开始新的生活。 真心期待大家的批评和建议，正所谓忠言逆耳，不管大家如何批评建议，只要是认真的，本人都虚心接受",恋爱求助帖系列二 - 小红书,,这不是微信聊天截图，图片内容是一段文字，讲述了事情的导火索是女方在准备赴日留学考试，压力较大且再次表明自己是丁克，若男方不同意就趁早分开，男方表达自己不是坚定的丁克主义，想法可能会随步入社会而改变。 
http://sns-webpic-qc.xhscdn.com/202504151713/eb3d2b8a9562f514dcbf7c768be99db7/1040g00831fhbrdtdme005pv22q6j91aqj74bs4o!nd_dft_wlteh_jpg_3,女朋友意外怀孕，该怎么去安慰她，让她别那么焦虑我们俩都是大学生措施都做了，还吃了💊，但是测出来有两条杠，查了很多资料，我看她焦虑不安的样子，想出钱带她去打掉，要怎么跟她说才能让她舒服一点她现在整天提心吊胆，怕室友知道，怕我不负责#年轻人谈恋爱 #情感问题 #当代女生感情观 #求助#万能的小红书,女朋友意外怀孕，该怎么去安慰她，让她别那么焦虑我们俩都是大学生措施都做了，还吃了💊，但是测出来有两条杠，查了很多资料，我看她焦虑不安的样子，想出钱带她去打掉，要怎么跟她说才能让她舒服一点她现在整天提心吊胆，怕室友知道，怕我不负责#年轻人谈恋爱 #情感问题 #当代女生感情观 #求助#万能的小红书 - 小红书,,这不是微信聊天截图，图片内容是一个黄色的难过表情符号，下方配有文字“女朋友意外怀孕，该怎么去安慰她，让她别那么焦虑”，文字后还有一个哭泣的表情符号。 
http://sns-webpic-qc.xhscdn.com/202504151717/2bb581df7de7bf5b4dc3a7bbba3c96bb/1040g008318qk5s3ijq505o6cl8a0bso2hku3h28!nd_dft_wgth_jpg_3,不知道大家有没有这种感觉。 有时候感觉对方真的很有目的性的做一些事，像是：我给你按摩一下吧，一会你也给我按。（但是我不想给对方按，也只会说：不要，我不想被按。 虽然也确实不是什么事，就是会觉得拒绝了对方很不好意思。 	 还有那种平常不会做，但是一有点矛盾或者对方高兴的话就变的无敌体贴：路上每个一两格的楼梯都要托着你胳膊说小心台阶。 我也只会说：不用，就正常走就好。（感觉那样我像是废了一样，有种过度关心羞耻的感觉。 	 还有因为前任说他好像有一个有小男孩的人格，在有矛盾的时候装作切换了人格说：不是你们的错，我没说你这种（我真的很无奈，因为我也不知道真不真哈。 	 有点迷的就是：每次有了问题就会否认前一段时间的自己，说不是自己的本意，他不是那样的什么的。然后忽然变成另一个样子，像是自己洗心革面了一样。 （我嗯不知道说什么，因为他又在改变又…嗯好难说 #前任 #问个恋爱小问题 #恋爱问题 #恋爱问题求助站 #迷惑行为,恋爱中觉得不舒服但是又不好说 - 小红书,,这不是微信聊天截图，是一张卡通人物哭泣的表情包，人物上方有“呜呜”字样。 
http://sns-webpic-qc.xhscdn.com/202504151717/55f1c67ef29725492c199dacddc4d258/1040g008317vqskj0gs0049dfr7h1ro4k3fto080!nd_dft_wlteh_jpg_3,事件1： 他：去迪士尼的是不是脑can 我一脸懵逼 他：你想去吗 我：想。（我很喜欢贝儿一直想去上迪看儿儿）为什么他会这么认为？ 他：因为迪士尼给以色列捐款，投子弹了 我：我喜欢想去迪士尼和这件事情有关系吗？是不是有辱华的品牌和物品都不要使用了（举例若干） 	 最后他不说话了  	 事件2 他：琼瑶剧的三观有问题比如 你们不要吵啦 那个经典片段 我：文学作品有它的局限性 你不能用现在的价值观去评判 你没看过剧 不要用简短的对白去胡乱评价 他：那为什么西游记没人没这种三观问题 我：那是四大名著没得比啊.琼瑶剧虽然是狗血的剧情但是里面宣扬的爱情和女性追逐自由的精神是超脱时代的巴拉巴拉 他：不说话 	 两件事都是以他的提问→我的穷追不舍的追问 →他的沉默 →我再继续追问他生气→凶我→变成态度问题 我生气→冷战几天→和好 不再提 →下一次新的话题 完美闭环 这样的情况出现了已经不止三次。 每次都很生气但是我不知道该怎么做 我也不是想吵架，是很难沟通 我每次都是忍着不生气尽量表达我的观点 我越说话，他越不说，我越生气，他更无语…..恶性循环 我想不通 整晚4点5点睡不着觉， 他倒头就睡着每次也觉得自己很没必要 如何解决呢 谈了7年 这是7年之痒要到了 还是三观不合 求解决方式 	 #沟通  #情感问题 #矛盾 #男朋友吵架,和男朋友沟通社会话题. 总是吵架怎么办 - 小红书,,这不是微信聊天截图，是一张表情包图片，图片中有一只卡通猫形象，上方有“摆人”字样，下方文字为“和男朋友总是观点不合 吵架怎么办” 。 
http://sns-webpic-qc.xhscdn.com/202504151719/35c5e46a0c7bac98dc42d8d7ba6f3b69/1040g00831fqj9dt6gg6g5p6chs2ioqq5pj1nsjo!nd_dft_wlteh_jpg_3,聊天记录是今晚聊的，昨晚已经沟通过一次了，但是没什么实质性结果，我今天内耗了一天才想出来让他删前女友v这一个办法让自己好受点。 前情摘要，他和前女友是一个大学（985）的谈了两年感情很好基本没吵过架，他前女友很漂亮，tiktok有粉丝那种，是七月和平分手的因为他工作了他前女友出国了且未来不在一个地方发展。他们谈恋爱的时候感情很好每周都会出去玩，也一起旅游去过很多地方。 关于我为什么这么介意：1. 他有两个微信号 了，小号是工作之后用于加人的，加我也是用的小号，第二次见面的时候主动给我说他还有个大号并让我加，然后我发现他们七月分手的但是他一直到二月都没把情头换掉，他说是换了朋友都会来问不行被过问感情隐私。后面三月在我要求下才把情头换掉了。 2. 因为情头事件我心里一直挺隔应，觉得挺离谱的，怕他放不下前女友毕竟那么漂亮优秀，而且也没有删好友，作为朋友之前还会偶尔聊天，手机照片什么的也没删，他说是因为懒，这我理解，但是不换情头哪怕他百般解释是不想别人来问不是放不下，我仍然心里有一根刺，也导致我们每周都因为一点小事就让我想起他和他前女友的过往就生气内耗吵架。 3. 我目前是211读研一学生，他对我很好每周都会带我出去玩开销也是他出大头，还没确定关系的时候就半夜送我去医院第二还上班，我见面会经常送他礼物，也会主动请他吃饭，我有一种不配得感让我无法心安理得的享受男的给我花钱老是想还他。一起出去玩的时候就会想起是不是他也带他前女友去过这个地方吃过这家餐厅，又会莫名其妙的失落和不高兴，唉。 4. 上个月确认关系的，送了我花和包包，我也买了蛋糕也送了他球鞋，我朋友帮我们拍了照我发了官宣朋友圈，他说他不喜欢对外分享自己的感情私事，没有发朋友圈，但是他之前发过和前女友有关的朋友圈，背景也是她。虽然他一再强调他很爱我，不发和我的朋友圈是因为上班了有领导同事不方便，我也能理解吧唉但还是会emo，我的条件也不错，也有人追，但就是在他面前不够自信，老把自己和他前女友比。 5. 想问uu们没有安全感，内耗回溯性嫉妒是我的问题吗，今天他删的不情愿也让我没有那么好受，真的很喜欢他，但是持续的内耗折磨我真的受不了了。谢谢大家，任何建议我都会好好看的。#情感问题 #求助贴 #感情 #家人们求助 #关于对象的前任 #个人感情观 #出出主意吧 #女孩子帮助女孩子 #关于感情,感情危机了！真诚求助，谢谢大家 - 小红书,,"这不是微信聊天截图，是一段文字内容，文字内容为：求助！！男朋友对我很好 但我无法控制自己回溯性嫉妒 要被自己内耗崩溃了这局怎么破希望得到uu们建议无论是好的不好的评论我都接受😢 在线等急急急！ 

B: 宝宝
B: 我还是有个问题想问下你
B: 🌶️
A: 你说
B: 能不能删掉和 全平台取消互关
A: 这个月之内可以么
B: 你要去找她说吗
A: 不说
B: 那为什么要等 这个月才开始三天

A: 不说
B: 那为什么要等 这个月才开始三天
A: 铺垫一下
A: 其实我是想说的
A: 但去找她说你又要不开心
B: 我们分手吧
B: 我不想再继续这样内耗自己了
B: 这是我对你提的第一个要求
A: 你想好了吗
B: 如果你连删除都做不到
A: 不是吧

B: 如果你连删除都做不到
A: 不是吧
A: 这是我对 你提的第一个要求
B: 我无法和你继续
A: 我现在就可以删
A: 但我讨厌这样
B: 换掉情头不应该是正常人分手的正常行为吗
A: 不是吧
B: 虽然也是我要求的
B: 我觉得这样对我不公平
B: 你能为我这样做一次你不喜欢的事情吗

B: 你能为我这样做一次你不喜欢的事情吗
A: /^_^/ 但我讨厌这样
A: 行
B: 哎算了
B: 算了
B: 这样我觉得我也很难面对你以后
B: 别删了
A: 抖音取关了
A: vx等会删
B: 不用了
B: 我不知道这样做对不对
B: 我也不知道你为什么很介意这样

B: 我也不知道你为什么很介意这样
A: 我只是觉得
A: 我们两的生活
A: 现在跟她一点关系也没有
B: 那是你觉得
A: 我们也没有联系
B: 你凭什么能让我也这么觉得
B: 你看看你从头到尾对她的态度
B: 你无法让我也这么觉得
A: 我对她什么态度？

B: 你无法让我也这么觉得
A: 我对她什么态度？
A: 无敌小羊：你看看你从头到尾对她的态度
B: 谁知道
A: 我们也没有联系
A: 你见到我们恋爱了？
A: 那是不是之后我跟同事也不能接触了？
B: 这不一样
A: 那是不是之后我跟同事也不能接触了？
B: 我对你同事最多只是算吃醋
B: 对她不一样
A: 你次次这么吃醋我也很难受啊

A: 我可能会有点逆反
A: 我不喜欢别人强迫我做什么事
A: sorry让你内耗
B: 那你现在对我什么看法
B: 是不是没那么喜欢了
B: 我强迫你做了不喜欢的事情
A: 我不喜欢你我压根不会删
A: 我只是觉得
A: 这样一次一次吵架会消磨我的热情
B: 我也
B: 我感觉更完蛋了

B: 我也
B: 我感觉要完蛋了
A: 我骑车去吃饭了
B: 就像这样强迫你删了我也没有很舒服
A: 我现在只想给你说一句话
B: 你刚刚凶我了
B: 我又为我逼迫你而有一种内疚
A: 你不用用什么去证明你不比别人差
A: 你本来就不比别人差
B: 我想要的只是 更..

B: 我想要的只是 更..
B: 更好
B: 😳
B: 我昨晚一直在等 你比她更好我更喜欢
B: （好烦我也知道这样不对
A: 可能这就是我跟别人不一样的地方
A: 也可能因为我们是和平分手
A: 所以我不习惯去贬低前任
A: 但现在确实是你在我心中更重要
B: 唉
B: 不行"
http://sns-webpic-qc.xhscdn.com/202504151720/66ec50ea504cb27da73aa23140a57d58/1040g2sg31eai8t8tgc705oqtff3mbi9m3a0kb2g!nd_dft_wgth_jpg_3,#情感问题 #男生视角恋爱 #女孩子帮助女孩子 #个人感情观 #男女关系的边界 #关于感情 #出出主意吧 #如何看待感情里的得失 #恋爱军师（需要支付💰才能分析的不用找私聊我啦，我只是看不懂这一段感情）,求助帮忙分析一下感情问题！！ - 小红书,,"这不是微信聊天截图，是手机备忘录截图，显示时间为13:02 ，标题为“感情问题求助” 。 

该图片不是微信聊天截图，是手机备忘录截图，内容为一篇情感求助故事，讲述了一名职业高中女生与男生的恋爱经历，包含两人相处细节、女生因前任威胁而拒绝见面、男生爬女生宿舍被处分等情节，最终两人彻底分开。 

这不是微信聊天截图，图片内容是一段关于男女感情经历的文字记录，讲述了两人从分开、重新联系、相处到再次产生情感纠葛的过程。 

这不是微信聊天截图，而是手机备忘录界面截图，内容为一段情感求助信息，讲述了一对男女见面及后续女生出差相关情况，女生因安全问题提出同住一晚，男生未明确回应，之后男生称感觉复杂想逃离，求助者希望了解男生对女生的态度等问题并寻求分析和主意。 "
http://sns-webpic-qc.xhscdn.com/202504151833/4f7089559fde288612c4aac6d59d95d7/1040g2sg31fpnv8vkg0605p6v4b709m2521ea060!nd_dft_wlteh_jpg_3,这是他给我的回信，我终于知道了他在我看不见的地方也默默承担了这些，想挽回他，求军师指点#情感问题,求助，恋爱六个月男朋友要分手了 - 小红书,,"A: 这是对你的回信也是一封离别信，里面也有我想说的话，或许到现在我们可能都已经明白了我们彼此之间的矛盾裂缝有多大，我没有作弄你的真心，更不会觉得这是一件值得得意的事，为什么拒绝和你在一起的要求，是因为我觉得和你在一块儿压力很大，不如我和我朋友他们或者我独自一个人那般放松，那么为什么会压力大，因为在外玩的时候，相信你也感受到了，我们没什么可以聊天的，缺乏的共同语言，聊不到一块儿去的不同频道，我们之间的交集只有排球，能聊的只有排球队里的事，后来因为和异性的玩梗，让我们之间也发生了小小摩擦，闹了不愉快。还有因为经济压力，在出去约会玩的时候吃饭和娱乐的大部分是我出的，这让我对生活的经济分配出现了问题，所以一谈到相处，陪你，玩，约会，我就感到很累。另外我不喜欢被占有，我是一个独立的不依附于他人的人。我也很讨厌所谓的“娇妻文学”。我享受我自己建立起来的社交圈子，这个世界上有很多有趣的人和事，这些事在我心里优先级可能要比爱情高一点，我觉得每个人都应该有自己独立的完整的社交圈子，这是不能被其他关系入侵的，这个圈子里是我的安乐窝，是我自己的充电站，就像今晚我们聊

这不是微信聊天截图，图片主要是一段较长的文字内容，表达了在一段近一年的关系中，现在想要及时止损，阐述了对方的优点，自己曾经的真心，以及因对方喜欢喝酒去酒吧等与自己观念不符的事情，提到分手虽不易，但长期痛苦如影随形。文字下方有两张图片，一张是户外树木背景下人的部分身影，另一张是人的腿部及衣物部分。 

A: 圈子，这是个能被其他天杀人侵的，这个圈子里是我的安乐窝，是我自己的充电站。就像今晚我们聊的，我已经放弃过我的朋友们了，虽然不是全部为了你，也有部分时间分给了排球，我有很多在意我的朋友们，大学的，高中的，我也是想说我的世界很多彩，里面不止只有爱情也有更多的友情，亲情，新鲜事物。我喜欢社交，认识很多人，尝试很多事，在我心里，友情会比爱情更珍贵更高一级。今天晚上我没有和💓💓💓眉来眼去，只是围绕💓💓💓开了句玩笑，我觉得这是正常的朋友的社交，而且她是有男朋友的。那天晚上你说的“我们也是从聊聊开始的”，是的没错，但是我没有和其他的异性在私底下聊过天。我不想也不太愿意为了爱情放弃友情，因为友情比爱情更长久。和你在一块儿真的让我很不放松，我不想再这么拖下去了，总得说开来才行，是，天下没有两个生来就是合适的人，都需要不断地磨合，沟通。天底下没有两片一模一样的叶子，但是会有两片相似到极致的叶子，我不想再磨合了，我就是累了，我精力有限我不想把精力浪费在这些事上，情情爱爱上的问题不应该成为我们现在人生上，生活里的问题，所以当矛盾出现，我可能会更感性的去遵循我的本能，而这导致了我对你的感受的忽略，让你在这段关系中很痛苦，从相遇 到现在已经五百六十天了，快一年了。 

A: 自我认知反应了的时候，心态如影随形的像附骨之蛆一样在每天伤害我们，长痛不如短痛，分手应该是最正确的选择，事到如今放弃似乎是最好的选择，伤人的话说出口后，就是再也收不回来的，在我说出分手之后也不说舍不舍得了，毕竟一瞬间都会转化为恨。我们就如同针尖对麦芒一样针锋相对，我不愿意改变我自己，我只想找到相似的叶子，而不是去磨合成为相同的叶子，我也不愿意你改变自己，我喜欢的是之前我以为的你，你应该是🧡🧡🧡是你自己，而不是我想要的🧡🧡🧡我不喜欢去改变自己，所以也不喜欢去改变别人。每个人都是独立的个体，都有自己的空间，不能因为一点事就改变自己，我们先是我们自己，再是其他的身份。生活很美好，把目光放在美景，美食，美事，朋友身上或许会有趣的多。我们都应该有自己的社交圈子，而不是把目光只盯在爱人身上。走到现在，我真的做不到爱下去了，很抱歉五一之旅我不能如约了，对不起，如果你想要见面当面说的话，我没意见，只是那样会闹的更不堪，好聚好散是我现在的愿望，即便见面我也不会改变我的想法，因为真的太累了，我知道你也很累，一个人苦苦地维系这段易碎的感情但是对不起，我不想再这么折磨彼此，这么累下去了。🧡🧡🧡我们分手吧。"
http://sns-webpic-qc.xhscdn.com/202504151836/5e246b46be5eae4d8efe75a8b0d9347a/notes_pre_post/1040g3k831ftpjg1n06705ptje83jjrntgm0v7eo!nd_dft_wlteh_jpg_3,我是男生，上海独生子，美区留学快10年。女朋友是校友也是留子，沿海三四线省会独生女，留学第3年。我们俩都是博士在读，感情很好很合拍，在朋友里是很甜很模范的一对。打算明年和女朋友推进到下一步，去年底回国也分别见了双方父母，当时感觉都很不错，家长们态度都很积极。 	 现在的问题是，我打算和父母提出要推进结婚的时候，我母亲突然出现前所未有的反对。事情的开端，竟然是她认为我女朋友身体弱且生理期很痛，可能生不出孩子。听到这个话的时候，我非常生气并且表达了我的态度，制止她的言论。我个人认为，这样恶意揣测并且点评女性生育能力是很没有素质的行为。我事后觉得爱人之间需要坦诚，也已经和女朋友坦白情况安慰她了。她除了难过和委屈，还有表示出对我的理解。我想为她说话，尝试再次在冷静下来之后去沟通。 	 第二次沟通时，我的母亲又开始针对于博一在读的女朋友，说她不上进（美国博一都是课程为主，明明她已经比我博一时努力多了），说她松弛随性不收拾房子（可是向来都是她做家务比我积极，房间几乎是我弄乱的，我很抱歉）甚至二次沟通下来，话里话外认为她没有能力且我值得更好的…… 	 我是喷也喷了，反抗也反抗了，对这种恶意揣测、欲加之罪的变脸行为，从愤怒到无语甚至到失望。我非常后悔当初在聊天的时候，和我家人聊过很多我们情侣日常互动。我从小到大很少想去主动父母分享日常，是遇到了她，我才觉得交流和陪伴很重要，才开始记住节日去给父母送祝福，也是她鼓励我去理解我母亲多多陪她说话。可现在这所有的分享和改变，都反过来成为我母亲揣测她拖累我，成为扎在我心上的一根刺。 	 我很爱她，我也认为她很优秀，她的家庭幸福平等包容，她父母甚至在得知我们目前处境之后仍能温柔地鼓励她安慰我，这更让我愧疚不已…… 	 请问大家，这样的情况要怎么办？我不想和她分开，但我也不想她日后再受委屈和难过。（如果有需要，我会把帖子带评论全部转发给我母亲看） 	 #情感求助 #留学生 #关于感情 #出出主意吧,如图 情感求助 - 小红书,,这不是微信聊天截图，图片内容是一个提问：男生妈妈对男生感情稳定的女朋友突然变脸，多次挑剔/有意见怎么办？下方标注“我是男生”并配有一个表情。 
http://sns-webpic-qc.xhscdn.com/202504151838/6b10f7f5ab751a8dbb3e0d6acecee42c/1040g2sg31ec9nlksgke048brjasgk3suk3a4qa0!nd_dft_wlteh_jpg_3,非常感谢大家的热心评论，没想到第一次发帖得到了这么多的回应，每一条我都有仔细阅读，我也从中看到了girls help girls的力量！ 我最终的决定是不去，理由有二：1.作为独生，我的家庭可以为我提供足够的生活条件，且应该考虑父母的养老问题；2.我已经通过自身奋斗获取了很多想要的东西，能够对自己的人生负责，不需要为未知的未来赌上一切。如果真的想换种活法，也不一定非要去美国实现目标。 很多姐妹找我私聊后，我才发现原来有很多人都和我有着类似的困扰，所以我不删帖啦，希望大家能从评论区中得到自己想要的答案！,求助🙏是否该为了男朋友辞掉工作去美国？ - 小红书,,"这不是微信聊天截图，图片内容是一段求助文字“求助🙏 是否该为了男朋友辞掉工作去美国？”，文字上方有一个卡通人物形象，下方有一只卡通猫。 

这不是微信聊天截图，内容是一位女士自述与男友的异国状态。她和男友在一起快5年，均30岁出头，男友3年前拿到H1B去美国做博后，科研能力尚可，税前年薪8万美元，今年转正后年薪会到12万美元。她一毕业进央企拿到北京户口，工作稳定但薪资不满意，文科专业。男友对于回国摇摆不定，希望她去美国，认为美国工资高压力小，而她担心去美国专业无用，回国后难再找到稳定工作，目前租房，在北京只能负担郊区小房子，男友说在北京买房的钱在美国能住大房子。 

这不是微信聊天截图，图片内容是一段个人情感及生活选择方面的自述，讲述者提到配偶过去生了小孩，之前因异地等原因结婚搁置，对方转正后可申请绿卡想结婚，讲述者纠结是否为对方放弃中国工作去美国，还提到去美国后的几个方向及自身年龄顾虑等，希望听听大家意见是否该去美国。 "
http://sns-webpic-qc.xhscdn.com/202504151839/32ad1dfb4a75c57057bcedf0d62bdf8f/notes_pre_post/1040g3k031f1qd592mm6g5orsco6nqia0kaokfb8!nd_dft_wgth_jpg_3,"#关于感情 #异地恋 #如何看待感情里的得失 #情感问题 **第一部分：关系背景与前期矛盾** 我今年25岁，和同龄女友恋爱同居两年，维持异地恋状态，平均每三个月见面一次，见面后共同居住两个月左右。上次见面是四个月前，期间频繁争吵（主要矛盾为未来规划分歧、见面时间冲突、游戏邀约协调问题等），四个月内三次分手（11月末、12月末、2月初），每次均由我道歉挽回。三个月前她仍保持较高情感投入，包括日常视频通话、工作关心、主动分享生活内容（如抖音作品）等。 	 --- 	 **第二部分：情感降温与核心冲突暴露** 2月初最后一次和好前，她明确表示""我们的关系像吃饭搭子""，对感情失去期待。此后情感表现显著冷淡：仅在下班打游戏后（通过游戏战绩可确认）进行程式化视频通话（内容限于基本问候，无情感表达或话题延伸），视频中常沉默刷抖音/追剧。核心矛盾聚焦于两点：1. 性生活长期不和谐且她拒绝改善；2. 情感互动模式降级为最低限度维持。 	 --- 	 **第三部分：近期见面冲突升级** 3月8日我返回同居处后，前两天相处正常（接机、用餐、拥抱等）。3月9日晚因求欢被拒爆发争吵，她首次明确表态""不接受性现状就应分手""。3月10-12日期间，我因情感浓度降低（游戏时间分配、肢体接触减少）持续情绪低落，引发她精神压力。3月12日沟通中她承认""已不再那么喜欢""，对修复关系态度消极。 	 --- 	 **第四部分：分手临界与现状** 3月13日早确认其无修复意愿后，我收拾行李准备分手。短暂争吵后双方含泪拥抱，她提出""长期看应分手止损""，但当晚暂时搁置决定。截至3月14日清晨，关系处于未明确分手的冷静期，双方未再主动提及分手话题，但情感裂痕持续存在。",异地恋问题求助&感情问题求助 - 小红书,,这不是微信聊天截图，是小红书用户ttong0016发布的一篇日记内容，作者建议当对与某人的关系感到困惑时，应以当下为基准考虑是否还想和对方成为朋友，可作为拿捏彼此距离的参考指南，发布时间为2024 - 10 - 27 14:32 。 
http://sns-webpic-qc.xhscdn.com/202504151839/b75b172ca415fa82806680dd7b9060df/1040g00831fb5n58a70005ose5er7qoo8gq63dj0!nd_dft_wlteh_jpg_3,和男朋友是大学谈的，现在工作+异地了一段时间 双方都感觉很累（没有原则性问题）是不是分手才是最好的选择？ 	 男朋友是高情感需求人，我是低情感需求人，观念上偶尔会有冲突。 	 现在开始上班+异地后，每周末我们都会互相去对方的城市，但是因为工作很累，周末也往往不能愉快相处。有聊过这件事情，男朋友还是很期待每周能见面。 	 然后我们工作时间不同，男朋友是朝九晚五的工作（偶尔需要出差外勤），我是互联网行业工作一般到晚上十点半才下班，因为比较晚，男朋友觉得回去路上不安全就会和我挂电话，但他需要早起，经常觉得睡眠不够。 	 诸如此类的事件很多，我和男朋友提出可以减少周末往来，不想来可以不来，不想打电话可以不打。但是男朋友觉得我这样很不好（可能因为本人低需求，实在很难提出合适的建议） 因为他认为自己是想来的，但是累也是真的，我说不想来可以不来就很不负责（大概是这个意思，不确定是不是对的） 	 求姐妹们解答#谈恋爱 #分手 #求助 	 -———————— 感觉编辑有点混乱，晚点会修改，刚刚吵完这件事目前也很迷茫,双方都觉得累，是不是分手才是最好的选择？ - 小红书,,这不是微信聊天截图，图片是一段文字内容，文字为“是不是该分手了…？”，文字周围有引号、波浪线等装饰元素。 
http://sns-webpic-qc.xhscdn.com/202504151840/aca9811818ba0efe2a6f5adccf9314c6/1040g2sg31ejusnl2g8dg4a6sl7dvl0ba6iuu8j0!nd_dft_wlteh_jpg_3,跟女朋友在一起三个月了，是彼此的初恋，过年期间分开了一段时间，现在开学又能呆在一起了。 我真的特别特别喜欢她，知道她没有安全感，我就什么事情都报备，有时间就去找她一起吃饭散步，但是她总是不信任我，以各种理由查我的手机，要求我不许删任何东西，必须等她一一查验。 每天这样被监视像犯人一样，真的好累啊，见面的时候想跟她多腻歪一下的，她都不理我只管查手机。求助大家，怎么跟她沟通啊，不想失去她，但是又不想总是被监控#求助贴 #女友 #真的很着急 #只有我这样吗,求助！应该怎么跟她沟通啊？ - 小红书,,这不是微信聊天截图，图片内容是一张配有文字和插图的图片，文字内容为“女朋友总是查手机，像被24h监控，一点自由都没有” ，上方有巧克力、玫瑰等插图，下方有一只表情看起来愤怒的黑猫插图。 
http://sns-webpic-qc.xhscdn.com/202504151841/a2679b024bb603e4a62577789385839f/1040g2sg30ts5np5d4u0g5p27lronuet9l16tepg!nd_dft_wlteh_jpg_3,#情侣 #分手 #求助帖 是我错了吗？,求助万能的网友，能不能帮帮我😭 - 小红书,,"图片不是微信聊天截图，内容为白色背景上有黑色字体“求助贴” 。

这不是微信聊天截图，是手机备忘录截图，内容为一位女生发布的求助贴，讲述了她和男朋友从12岁相识，19年在一起后的感情经历，包括感情初期自己脾气大常吵架提分手，异地及疫情后两人矛盾加剧、感情变化等情况。 

这不是微信聊天截图，是手机备忘录界面，内容为一段关于恋爱经历及感情变化的自述，讲述者觉得伴侣不如以前爱自己，回顾了两人异地吵架、见面和好、相处中存在的矛盾，包括讲述者脾气问题导致对方及对方母亲不满，两人冷战又和好，最后讲述者努力改变，感情变好。 

图片不是微信聊天截图，是手机备忘录截图，内容为作者对自己感情经历的记录，包括和对象感情的发展、吵架和好、订婚以及后续因对方加班未照顾自己感受产生矛盾等情况。 

这不是微信聊天截图，而是手机备忘录界面，内容为一段情感方面的文字记录，讲述了作者和订婚两个月的对象因一次对方跟领导吃饭引发的矛盾，导致感情出现问题，双方冷战，感情状态变差等情况。 

这不是微信聊天截图，是手机备忘录界面，内容是一段关于恋爱经历的文字记录，讲述恋爱中双方的矛盾、争吵以及情感变化等情况。 

这不是微信聊天截图，是手机备忘录界面，内容是关于作者与男友感情相关的内心想法，包括男友工作后的心态变化、催婚引发的恐婚情绪、两人之间的矛盾与感动瞬间等。 

这不是微信聊天截图，是手机备忘录截图，内容为一位女性记录自己和男友相处中的矛盾与情感问题，包括恋爱时的约定未被履行、男方消息回复不及时、双方争吵时男方说脏话及表达后悔等负面言论。 

这不是微信聊天截图，而是手机备忘录界面，内容是一段关于感情问题的倾诉，讲述者称另一半在吵架时表示不爱自己了，自己对此感到困惑和痛苦，不知该如何是好。 "
http://sns-webpic-qc.xhscdn.com/202504151842/848d2761cfc2943e8385c5c035ea92ac/1040g2sg31an83tr97a704a3u5c1mksl87jskjto!nd_dft_wgth_jpg_3,‼️求助广大网友 我和男友认真恋爱且奔着结婚去的 我们共同留学在国外一起合租一个主卧 男友放假暂时回国 我妈妈来探访 没定酒店 是在客厅打地铺的 这样子的话需要帮我男友代交他那部分的房租吗？ 	 ❕男友观点：认为我妈应该在外面住酒店 如果她在合租的房子里住的话 则需要帮他交房租 不交房租的话是在占他的便宜 图一是他的原话 ❕我的观点：国外酒店实在太贵且我自己也一直交一半的房租 让我妈妈进来住很合理 况且我妈妈一直都只是在客厅打地铺 没有睡床 可以多交房租 但不至于全交 	 ⭕️最后经协商是我交三分之二房租 他交剩下的三分之一 但是他仍质疑我没有跟他说实话 说我妈妈一定睡床了 ⭕️现状：今天在地铺被褥晾晒期间 妈妈暂时进了房间大约两小时 我和男友打视频他发现客厅并没有被褥 认为我妈进去睡了主卧的床 现在已开始对我实施冷暴力 图二是我给他发的微信 图三是我跟他协商 我妈妈坐了他的床 一小时给100这样子可不可以 但是对方已经没有回复 处于冷暴力阶段 	 我现在感觉好像我和妈妈被男友看不起了一样 我妈妈年过半百还被说占一个小男生的便宜 到底怎么才是合理的？ #情感咨询 #求助 #合租纠纷 #情感问题 #情感共鸣 #男女情感 #家庭情感 #情感树洞 #求助贴 #求助万能网友,情感咨询帖 求助！ - 小红书,,"A: 4""
A: 真的，说实话，这样就感觉就就像你妈来个存在占我便宜一样。

B: 你走的这几天她都没睡过你床
B: 就今晚我让她进去了 因为我很累 又懒得洗澡 想在沙发 不想跟我妈一屋
B: [被打码内容]
B: 她腰疼得每天要吃止痛药 根本睡不了软床垫
B: 多少钱你跟我说
A: 她有腰伤本来就睡不了软床 她坐了一下我们的床 这需要给钱吗
B: 你说我妈占你便宜的话
B: 她就今晚我下班之后吃完饭大概10点半 到现在12:30
B: 两个小时

B: 对方无应答 📹
B: 我跟你在一起太卑微了
B: ¥200.00
一个小时100 这样可以吗
B: 我跟家里人说 只是因为我很认真对待我俩的感情 我想得到家里人的支持 家里人始终是我最坚实的后盾
A: 我们的事我从来不跟家里人说"
http://sns-webpic-qc.xhscdn.com/202504151843/44c42dbc65171210034696248581cd79/1040g00831fqk2ikogc005otnkik9t5l1qqdi3n8!nd_dft_wlteh_jpg_3,简单介绍一下，和男朋友在一起一年半了，他在国企上班，同时家里经营着一个小厂子，去年我毕业回到家乡，就开启了异地，男朋友比我大13岁，是的我知道年龄相差很大，他之前也谈过一段分分合合两年的恋爱，我是第一次恋爱，本来也没有安全感，还为他流过一次产，当时他家里也出了很大的事，工厂面临破产，他家人也出现健康问题，还有我父母不同意我俩的事，我也要继续读书，就只能打掉了。过年的时候他来找过我一次，现在清明，他也很忙，但还是过来陪陪我，晚上聊天就出了这么个小插曲，我不知道是不是我有些“作”，我不知道有没有人能够明白我的感受，我是觉得情侣之间提出这个要求，我过分吗，我真的会因为这种事而胡思乱想，我会觉得他没那么爱我，真的很内耗，我知道我们俩能走到最后的几率不大，但我还是很不舍得这段感情，我很乱，有没有人能给我出出主意呢… #要不要继续 #不同频的感情 #感情树洞 #雷军 #所以什么是爱情 #矛盾 #,求助｜这段感情该结束吗 - 小红书,,"A: 你把你笔记本电脑带着
B: 干什么
A: 我怕领导突然让我干活
B: 不带
B: 除非你给我发张自拍
B: 嘟嘴的
A: 你给四十岁的人留点面子
A: 明天就见面了
B: 今天就说今天
A: 我去洗澡了

B: 你不拍我确实会多想
B: 又不是什么很困难的
A: 我这时候其实事情比较多 出一趟远门 一是担心家里有事 二是担心领导找我
A: 本来就是忧心忡忡的
A: 本来自己带了笔记本 太重了 拿出来了
A: 跟你提个要求
A: 你左撒娇 右打趣的
B: 我也没逼你这个时候来呀 你来了我也把我的事情推了 难道笔记本我就真的会因为你不给我发照片而不给你带吗 只是刚好提到这了 我又没有提过分的要求

B: 你不给我发我真不给你带啊
B: 你有什么可害羞的
A: 不带 我去中关街买
A: 记得明天提醒我起床
B: 为什么不能拍
B: 我又没嫌弃你
B: 你不拍我觉得你还是没拿我当自己人
B: 连个照片都不能给看
A: 我嫌弃 看了睡不着
A: 明天见面了
A: 别乱加帽子

A: 我什么时候去都一样 不能保证以后就有时间
B: 没时间 也得去 但是准备工作要做好
A: 这跟拍照片有什么关系
A: 我一开始也没想着一定要你拍我才带 这就是情侣之间的打趣而已啊 你不管拍不拍我都会给你带的 只是你这个态度确实让我挺不解的
B: 我年纪大了 心老了 比较接受不了小情侣的这些
A: 我又不会拿着你的照片干啥 换位思考我觉得如果是很亲近的人跟我提这个要求我会毫不犹豫地去做 本来也很正常 如果这个人跟我无关他的自拍照跟我有什么关系
B: 我觉得我这个状态下 去一趟北京已经很有诚意了

B: 我又不会拿着你的照片干啥 换位思考我觉得如果是很亲近的人跟我提这个要求我会毫不犹豫地去做 本来也很正常 如果这个人跟我无关他的自拍照跟我有什么关系
A: 我觉得我这个状态下 去一趟北京已经很有诚意了
A: 你不要试图说服我了 我有时候就是那么没劲"
http://sns-webpic-qc.xhscdn.com/202504151844/5842ad8e9c344ee1a2fac0f7a45010af/1040g00831eb5qj3rg86g5n1klqr1lubktgh73i0!nd_dft_wlteh_jpg_3,我现在每天都很内耗，敏感又爱吃醋，而且一有矛盾，对方就不理我，导致我经常感觉特别难受，感觉都要抑郁了，他平时对我也挺好的，就是很不理解我，一吵架就冷暴力，我觉得我应该分手，可是又过不去心里那关，有种吃又吃不下去，呕又呕不出来的感觉，太难受了，太复杂了，早知道谈恋爱这么难受，打死也不谈恋爱了,求助，本人恋爱脑，想知道这种处境我该如何 - 小红书,,"B: 超了一个小时二十分钟
A: 啥
B: 超过了十点
A: 然后呢
B: 没有然后
B: 我今天想早点睡
A: 晚安
B: 我等了你一个半小时
B: 你又食言了
A: 要颁个奖吗
B: 嗯
B: 我知道你觉得我很无聊，不喜欢我，不喜欢跟我玩跟我聊天

B: 我已经很尽力的，想陪你玩了
B: 我控制不好自己的情绪
B: 每一次我都很尽力的在忍了
B: 早上我只是关心你有没有很晚睡觉
B: 你非要说什么最讨厌我问你问题，我一时间有种很无力的感觉，我问的无关紧要的问题，只是我想知道而已，回答一下也不会怎么样，也不需要你花时间
B: 我不喜欢的地方，你做了我也拿你没办法，我每次告诉你我不喜欢你怎么样，你除了跟我吵架，贬低我以外，你自己没有任何改变，我说过不喜欢的你依然如之
B: 最后就是大吵一架，然后我妥协
B: 在你这里，甚至我连好奇都是不被允许的
B: 我的问题就是无聊，你的好奇就是应该的

B: 我的问题就是无聊，你的好奇就是应该的
B: 你可以无视我的气愤无视我的难过，冷暴力我，因为受伤害的主体是我，所以你可以泰然处之，可以调解情绪，可以不在乎我
B: 我没有重新开始的勇气
B: 你也从来不愿意真正重视我
B: 重视我的需求，重视我在感情方面的需求
B: 我们所有的沟通，过几天就会失效
B: 我承认我的性格不好，但是你呢，你从来没有思考过自己的问题
B: 从来不会考虑我的感受和想法
B: 昨天 晚上11:52
B: 回我好吧
B: 跟你沟通真是困难"
http://sns-webpic-qc.xhscdn.com/202504151845/b41843418ca2e8641b25d0aec80cf13d/1040g2sg31erqqu37me705ojgt1m8cpsi2j4ivgo!nd_dft_wgth_jpg_3,先说说基本情况： 本人本科国内普通一本，刚申上Bristol25fall硕士，家里小康，独生女 男朋友国内三线城市公务员，工作稳定有房有车 我们两个是大学同学，一直感情很好，在一起已经五年，男朋友一直反对我出国读书，说不想谈异地恋，甚至多次以分手相逼，但一直没有原则性问题，加上我本身比较优柔寡断，一直想拖着等我回来再谈 马上就要走了，男朋友突然说想领证了再出国有保障，但我还不想这样草率的结婚，吵了很久他说要跟我分开，求助家人们 真的很舍不得#感情 #异国恋 #熬过异地恋便是一辈子 #Bristol大学 	 二编：p2我觉得能看出来他是一个特别敏感的人，而我比较低需求，很多时候会因为这个吵架，如果大家有一样情况的，我觉得评论区里的大家说的都很真诚很有道理，可供参考,异国恋就是跨不过的坎 - 小红书,,"B: 那祝你一切顺利！
A: 跟我在一起真是委屈你了

A: 中间又一个小时不说话
A: 你还想让我说什么
A: 我说的也是真的
A: 这次你又忙的没时间回吗
B: 我累"
http://sns-webpic-qc.xhscdn.com/202504151845/11bde7cce598ed2a47ed60c9daa37f77/1040g00830umea4enl8005p9816mqj8snpbppceo!nd_dft_wlteh_jpg_3,基本情况是这样的：他和我大学同学四年 大三我们开始拉扯 毕业结束后异地恋爱 其实感情中我们都是挺真诚的吧 第一年他考公我考研 都没成功 第二年他和我都考公 很开心 他拿下了国考跟江苏省考的笔试 顺利进面 现在结果未知 在恋爱之中 我一直觉得我是恋爱脑 不奢求他付出很多 当然我也不会无脑付出 毕竟男生嘛 责任大一些 付出的肯定要比我多 去年十二月国考差四分进面 我是第一次考 学了差不多半年 没全身心投入进去 这也是我的问题 不说为任何人 单纯的为自己 我想考上公务员 提高我自己或者我们俩的生活质量 日常生活中 基本很少争吵 我们都是情绪比较稳定的人吧 最近这两天发生了一些事情：第一是赶上下雪 我想去他的城市看看 高铁票去程好买但返程真的特别难买（到郑州东的应该都知道 都是售罄 蹲点也不好买）之后我刚好看到有隔天到我们这里的车票 我跟他讲 我说不然他来也是可以的 可对方就犹豫了 他最近在上面试课 担心自己会回不了家耽误事情（可是他还是先考虑了他自己）所以我觉得这个人还是挺理性的 太会权衡利弊了 有点自私；第二是今天被我偶然知道他之前跟我室友说他妈妈不同意这件事 我跟室友简单说了几句 还是想找他本人问个清楚 确实是这样 因为我今年没考上 她妈妈不能接受我这个人的现状（我也可以理解 毕竟如果换成我妈妈跟我这样说 我也会觉得这样还不足够 想让自己的孩子能过得更好 我男朋友的意思是 我考得上我能支持你 但是他妈妈这边 他改变不了 明确说过不用再跟他妈妈讨论这个问题 体制内是基础）我个人觉得 我可以为了我自己的生活而努力考公 但绝不是因为要嫁入到你家才努力考公考编 男朋友说我是强加因果 我只需要为自己努力就行了 道理我都知道 但我突然知道这件事情之后确实会伤心 就觉得 你们家为什么可以开始挑了 为什么自己家里并不都是体制内却必须要求女方是体制内 男朋友的解释就是 那我们这边就都这样想的 体制内跟不是体制的人就接触的不是一个圈子 没有共同话题 出轨问题频发 生活不美满幸福 我觉得这真是个畸形的三观 不知道要怎么解决了 头也是晕的 提过分手也想过分手 但是男朋友不同意但会尊重我的想法 当他也提的时候 我贱毛病就又犯了 觉得我又舍不得这段感情 我也是个比较理性的人 但碰上感情 我又变成了感性的人 #情感问题 #谈恋爱 #恋爱观 #关于感情,恋爱迷茫了😶‍🌫️ - 小红书,,"B: 你跟你妈妈说咱们俩谈恋爱了吗?
A: 上天说了
B: 那阿姨咋说呢
A: 过会儿可以吗
A: 等我洗漱完
A: 她就觉得有点远
A: 然后你没正经工作
A: 她有点不同意呗
B: 不同意是觉得我不是体制内的吗?
A: 嗯😔

B: 我给你打个比方吧 我也不问我爸了 我觉得我想问的不是那个意思
B: 就好比 你本身在努力赚钱买房 但还没买
B: 结果我妈因为你没房 而不同意
B: 被你知道之后
B: 你奋斗的动力就不一样了
A: ？
A: 那本来没房子就不能娶你啊
A: 不然不是让你吃苦了
B: 我只是说
B: 不同意

A: 那我不也说了
A: 我从来都没有不接纳你
A: 只是那我妈那边 我也不能强行让她接纳你吧
A: 这得你自己争取啊
B: ？
A: 那他们就是觉得体制内好
A: 那我也接纳你
A: 那我有啥办法
B: 我没太听懂
A: 📞 已拒绝

A: 我想和你结婚 我改变不了我爸我妈的思想
A: 我能做的就是 真到了那个时候 和你结婚 少和他们接触
A: 就这样
A: 还要我怎么说
B: 你现在这么说 你真到那个时候能和他们少接触吗 那是你爸你妈
B: 我不想让你为难了
A: ?
A: 啥意思
A: ：1：我不想让你为难了
B: 没啥意思 就是觉得你现在为难啊"
http://sns-webpic-qc.xhscdn.com/202504151846/6664d24cd1caa748df47cdc9dd1af9df/1040g008311rd7qoh72005pge620hhmf5g6pgd9g!nd_dft_wlteh_jpg_3,出现问题我是想和你一起解决的 . 而不是你一个人自顾自的决定分开 . 情侣之间遇到问题还是要坐下来好好聊聊 . 出现问题的第一时间应该是解决问题 . 而不是选择分手 #情侣#情感#日常碎片#男女朋友#感情问题,有问题要共同解决 - 小红书,,"A: 有件事我考虑很久了
B: 啥事呀🤔
A: 我们还是分手吧
B: 真的想好了？
A: 嗯
B: 最后问一次，真的想好了？
A: 是的
A: 你知道为啥吗？
B: 不用知道了

B: 你已经确定好几次了
A: ……
B: 其实我很想问你一个问题
B: 你真的重视这段感情吗?
A: 重视的
B: 那你的重视真的就感觉嘴上一说
B: 遇到问题的第一时间不是解决问题，而是要分开
B: 原本我们可以坐下来好好聊聊的

A: 然后呢
B: 我知道你委屈
B: 你觉得累了
B: 想让我多理解你
B: 但是分开解决不了问题呀
A: 是的，但你也没有理解我
B: 但你用分开来逃避问题，就有用了吗?
B: 说真的，我挺心寒的

A: 这个我道歉
A: 我没想太多
B: 如果选择在这段感情中当逃兵
B: 那我尊重你的选择
B: 那么，问你为什么已经不重要了
A: 我只是想让你能多理解我一下
A: 我也不想走到这一步的
B: 我知道你本意是不想分手的
B: 但再好的感情也经不起这么折腾

B: 我知道你本意是不想分手的
B: 但再好的感情也经不起这么折腾
A: 好，我知道了
B: 感情问题是需要双方一起维护的
B: 不能说出现问题就分手
B: 出现问题首先是要想该怎么解决的
A: 好了，我们不聊这个了
A: 你也别想太多
A: 我错了，对不起，宝宝"
http://sns-webpic-qc.xhscdn.com/202504151848/996237bca7e04a9e733e12a3f302db9e/1040g008312mu95q3ie005pge8k02ppqevoujn3o!nd_dft_wlteh_jpg_3,和女朋友在一起400来天，最近女朋友总说我做啥事啥事帮不到她之类的话，还说如果我总这样，以后她找别人帮忙我不要吃醋也不要委屈。事情也不是什么特别重要的大事情，就是生活中的一些普通的事儿，感觉自己确实也能力不行好多事情无法都帮她解决，但她这么说也让我觉得是不是仅靠我们之间的感情无法维持下去，只有我对她有用她才会爱我，我该怎么办😭 #有想法轻松发#恋爱日常,🆘家人们被女朋友吐槽帮不上忙该怎么办🆘 - 小红书,,这不是微信聊天截图，图片内容为一个橙黄色背景的图片，上方有两行黑色文字“女友总说我帮不到她，我该怎么办？”，下方是一个流泪的表情符号。 
http://sns-webpic-qc.xhscdn.com/202504151850/074798cab2b36c18c24c25e3c0f82bec/1040g2sg31g1t2qsg0c105p6q52v09vr2i7ak72o!nd_dft_wlteh_jpg_3,谈恋爱半年多，男朋友妈妈的一句话，让我有了分手的想法是我多想了吗 粉丝投稿：他妈明确对儿子说，别给女朋友花钱 我和男朋友谈了半年多，他家里人知道我和他谈恋爱之后，不让他给我花钱，我们都是大学生，我听着心里不舒服，就是遇到这种情况应该怎么办 我跟他吃饭时候，我让他告诉她妈，他处对象了，然后他就给说了，之前我没让他告诉，他家里人不知道，出去吃饭时候我就觉得处了半年多，应该了解了解他家里人对他谈女朋友有什么想法，他告诉他家里人有女朋友之后，他妈一直强调说，让他不要给我花钱，但是他爸没反对，说没钱了找他爸要，但是他妈说的话让我挺不舒服的 男朋友对我特别好，我是想过以后的，不是因为他对我好所以我才想跟他有以后，是他处理矛盾解决问题的态度很吸引我 我觉得能靠得住，特别喜欢他，想跟他有以后，他妈说不让给我花钱，我就不想跟他有以后了，我觉得要是真的结婚了，他妈说，儿子，别给你媳妇花钱#情感 #大学恋爱 #生活#情感问题 #求助 #值得为这句话烦恼吗？,谈恋爱半年多，男朋友妈妈的一句话，让我有了分手的想法是我多想了吗 粉丝投稿：他妈明确对儿子说，别给女朋友花钱 我和男朋友谈了半年多，他家里人知道我和他谈恋爱之后，不让他给我花钱，我们都是大学生，我听着心里不舒服，就是遇到这种情况应该怎么办 我跟他吃饭时候，我让他告诉她妈，他处对象了，然后他就给说了，之前我没让他告诉，他家里人不知道，出去吃饭时候我就觉得处了半年多，应该了解了解他家里人对他谈女朋友有什么想法，他告诉他家里人有女朋友之后，他妈一直强调说，让他不要给我花钱，但是他爸没反对，说没钱了找他爸要，但是他妈说的话让我挺不舒服的 男朋友对我特别好，我是想过以后的，不是因为他对我好所以我才想跟他有以后，是他处理矛盾解决问题的态度很吸引我 我觉得能靠得住，特别喜欢他，想跟他有以后，他妈说不让给我花钱，我就不想跟他有以后了，我觉得要是真的结婚了，他妈说，儿子，别给你媳妇花钱#情感 #大学恋爱 #生活#情感问题 #求助 #值得为这句话烦恼吗？ - 小红书,,这不是微信聊天截图，图片内容为一张配有文字和表情的图片，文字内容是“谈恋爱半年多，男朋友妈妈的一句话，让我有了分手的想法，是我多想了吗”，上方有一个带泪的表情，下方有一个撇嘴的表情，其中“分手”和“多想”分别用紫色和蓝色底色标注。 
http://sns-webpic-qc.xhscdn.com/202504151850/fe10394f318110905c5908568c81ba88/1040g00831erbup87ls005pq1m8gndt3l9vb58tg!nd_dft_wlteh_jpg_3,说一下具体情况 希望过来人帮我分析分析 真诚求助 我27 男友26 我们都博士一年级 我是本地人 男友不是 但是他有在留在当地生活的想法（屡次提到过）因为他老家太小 我着急结婚 我们在一起半年多了 也同居过 各方面都很合适 除开生活中会有摩擦 但是核心问题是我想结婚 但是和男友讨论过 他说他从来没想过 而且觉得现在什么都没有 没法接 但是其实我们双方都独生子 他爸妈经济挺支持他的 提问我该怎么办 我爸妈现在觉得他不够有担当 而且我爸妈怕真的等毕业了我30岁了 我会很被动 我该找他聊聊吗？ 题外话：每次见到我妈就说这个事 我爸妈就总是话里话外希望我和男朋友分手 因为觉得男朋友不想承担结婚的责任 只是想找个伴#择偶标准 #博士结婚 #关于结婚,和男友都是博士一年级男友暂时没有结婚想法 - 小红书,,这不是微信聊天截图，图片内容为：背景为黄色，上方有一对卡通男女牵手图案，下方配有文字“和男友都是博士 我想结婚 但男友没有计划 求意见” 。 
http://sns-webpic-qc.xhscdn.com/202504151851/f7f00e1701aae2f4a72dc0a9c5aaeb9e/1040g2sg31eehhnm2gu705nfu0fg081usrgev7ho!nd_dft_wlteh_jpg_3,贴主目前大三，和npy就读南京某双非院校的同个专业。由于对本专业实在没什么天赋和兴趣，贴主暂时不打算考研，计划是考公当兵或直接就业，考公务员或当兵可能都会选择学校或者父母家人所在的城市（西北某三线小城），直接就业想去杭州苏州或上海发展。npy刚开始考研，学校还没有确定，城市暂时计划在湖北，广东和南京。本人是非常坚定的不婚不育，从高中起一直在和家里渗透我的观念，目前家里人的态度能勉强接受，和npy聊过这个问题，ta没有和家里聊过不结婚这个事，不生小孩ta父母能理解。我们没有特别具体地聊过未来的情感走向，且本人谈不了异地恋，现在面临的问题是未来不在同一个城市现在要不要分手。有没有好心人愿意帮我分析一下哇#人生中的重要决定 #恋爱观 #大学恋爱,和npy未来规划不一致要不要分手 - 小红书,,这不是微信聊天截图，图片是一张带有文字的图片，内容为“和npy 未来规划 不一致要 不要分手” 。 
http://sns-webpic-qc.xhscdn.com/202504151852/fd32a94b40d6e62a1d6e293d1bb8ad7a/1040g2sg31f5j8oaa6abg5or8uao8sm9u6skrh58!nd_dft_wlteh_jpg_3,是这样的 我个人的情感需求比较高 然后的话呢我对象找我聊工作规划的时候我就表达了我觉得很久见不到我会很担心 然后他今天就向我表达了不舒服 大概是他工作了三年多 我才刚入职#情感问题 #感情#男朋友,情感问题求助2.0 - 小红书,,"A: 我没有找你要建议啊
A: 我给了你我的想法
A: 我想看你的想法
A: 你的想法是我去做这些
A: 是不是没法留下应该留给你的时间
A: 琨姐那句话怎么说来着
A: 利他和利己
B: 你的想法是我去做这些
B: 你说清楚了
B: 我没有想要干涉你的职业规划
B: 你要想转就去做
A: 就去跟产品经理聊
B: 我没有感受到
B: 我说我的担心
B: 如果
A: 你把我们两个当成一个整体在考虑
B: 这个事情不可平衡
B: 你就说
A: 你很在乎你能得到什么
A: 让我不舒服
B: ...说实话
A: 你很在乎你能得到什么
A: 又或者
A: 我真没太在乎
A: 我现在的状态确实不适合恋爱
B: 也不是
A: 我现在的状态确实不适合恋爱
A: 我不可能永远在你面前装作多么自信
A: 我就是很焦虑的人
B: 没关系啊
A: 我不可能永远在你面前装作多么自信
A: 希望能做很多事的人
B: 焦虑就焦虑呗
A: 我就是很焦虑的人
B: 有适量的焦虑能够让人向前啊
A: 我没有感觉到你能给到我安慰和鼓励
A: 我只感觉到无尽的要求
A: 这样说讲清楚了吗
B: 讲清楚了
B: 客观来讲是我昨天说话的问题，我没有不支持你转岗，你喜欢做你就去做什么，你要是真想做了解清楚你们公司后续的岗位能给你带来什么，就行了呗
A: 我没有感觉到你能给到我安慰和鼓励
B: 你又不是不会工作
A: 我现在说的不是工作
A: 工作的事情我自己可以解决
B: 那你需要安慰的时候可以来找我
A: 我没有感觉到你能给到我安慰和鼓励
A: 或者说你真的还在喜欢着我吗？我有个问题
A: 我只感觉到无尽的
A: 我觉得可以停下了
B: 啥
A: 我觉得可以停一下了
A: 你不要再用是否喜欢来绑架我了
B: 我没有绑架你
A: 你不要再用是否喜欢来绑架我了
A: 我在和你聊是否合适
A: 你却逼着我回答是否喜欢
A: 如果不喜欢我不会说这些
A: 但是光有喜欢就可以获得幸福美满的生活
A: 那是六岁小孩在童话书上的故事
A: 你还是活在偶像剧里期待着霸总把一切安排好你只需要享受的小孩吗？
B: 没有啊，你怎么这么觉得我是
B: 刚才去吃饭的路上
B: 抱歉
A: 可我是离你最近最了解你的真实想法的人
A: 我想要真实和直接

B: 比如？
A: 我要做我自己的事情了
B: 我周六不在你那哦
B: 只有周日了
A: 我知道
B: 你是说工作和生活吗
A: 我要做我自己的事情了
B: 哦对了，周五能借住你那吗
A: 那就周末再聊吧
B: 我想从你那取深圳北站
A: 不了吧
A: 我觉得不太舒服
A: 你的事情你自己处理吧
B: 不能借住吗
A: 我觉得不太舒服

A: 你现在坦诚你的想法呢
A: 如果我就是会在外面比较久
A: 那么怎么办呢
A: 虽然应该不会
A: 你会觉得没有男人陪伴
A: 不能接受
A: 自己过不下去了？
B: 那也不会啊
B: 鱼老师异地上还是不能打游戏打电话吗
B: 只是见不到人罢了
B: 周末去看剧呗
B: 我的话
A: 那你心态平和吗
A: 反正我没有感觉到
A: 你是真的喜欢接受
A: 还是只是这样做强迫自己接受
A: 不舒服的感觉就是很明显
B: 鱼老师我觉得也不是喜欢叭
B: 只是因为是这个人
B: 而已
B: 就好像我一定要陪你
B: 没有人是真的喜欢一直见不到另一个人的
A: 不打车去地铁站
A: 不再和你一起回来
A: 你就要生气
A: 这些事情发生过无数遍了
A: 我觉得不舒服的状态已经到极限了
A: 清明节或者别的时间
A: 你试着自己出去玩吧
A: 我觉得你可以试试看
A: 如果你愿意尝试的话
B: 清明节我找不到人
B: 五一吧
A: 你会意识到自己是不是一个无聊的人
B: 五一我回家可能
B: 我可能会选择找朋友玩
A: 你试着自己出去玩吧
A: 还是在待在别人面前
B: 一个人吃饭不方便
A: 要假装自言自语
A: 希望别人停下手上的事情非要和你说话
A: 生活里没有别人就没办法活下去了
B: 倒也不会
A: 希望别人停下手上的事情非要和你说话 反思了吗
A: 你说倒也不会的时候反思了吗
A: 这种状态
A: 给我的压力
A: 空气都是凝固的
A: 我都不知道该说什么该做什么
A: 而且很多次了
A: 我不喜欢这样的状态
A: 我今天情绪有点差
A: 很多话说得很刺骨
B: 宝贝 你这么讨厌我
A: 我不喜欢这样的状态
A: 你撤回了一条消息
A: 先和你说抱歉
B: 为啥之前还要跟我聊那么久
A: 因为我看到了你的改变
A: 上周
A: 我本来觉得
B: 但是你还是不能接受
A: 因为我看到了你的改变
A: 还能好好谈下去
A: 但其实
A: 我光是和你讲
A: 怎么和你讲
A: 你都不会改变的
A: 只是心里有可能会分手的压力
A: 然后就做这做那
A: 你也不舒服吧
A: 没必要这样强迫自己的
B: 那我要是跟你说我无意间看到了你对这段恋情的评价呢
A: 只是心里有可能会分手的压力
A: 你撤回了一条消息
B: 你跟朋友说的
B: 虽然我不是有意的
B: 看到了就看到了
B: 不是有意的
A: 那你看啥
B: 看你朋友圈的美女
A: 那你看啥"
http://sns-webpic-qc.xhscdn.com/202504151853/d589cc3e68837db3771c46707d416391/notes_pre_post/1040g3k831fm6j9eag6905paqjq9i5neqs3brdt0!nd_dft_wlteh_jpg_3,起因是我昨天约他去公园他没去 然后因为之前分过一次 他也是说没有心情 我就慌了 昨晚没忍住直接发了一段文字过去 the point is他马上要回美国了 我们本来就像是偷来的时光 我该怎么回复他最后的话 我也真的不知道接下来该怎么做了 #异国恋 #跨国恋 #留子的命也是命 #有时候真的很无助 #谈不了一点,感觉要和🇺🇸男友分手了💔求助 - 小红书,,"B: Hey, I'll be at the park near your house this afternoon. Wanna meet up?
A: No sorry, haven’t been in a social mood as of late
A: Although those Sakura are looking good, so have fun!
B: I feel so stupid for believing you when you said, “I have no reason to be cold to you.” Your attitude changes so fast that it’s honestly hard for me to accept. Every time I think we’re in a relationship, you always seem to want to break up. You can be so cold and heartless to me, and there’s nothing I can do about it.
B: You know what, I just wanted to talk to you today because I felt like you were a bit down these days. But just as I expected, you refused to communicate with me. It feels 

B: I feel so stupid for believing you when you said, “I have no reason to be cold to you.” Your attitude changes so fast that it’s honestly hard for me to accept. Every time I think we’re in a relationship, you always seem to want to break up. You can be so cold and heartless to me, and there’s nothing I can do about it.
B: You know what, I just wanted to talk to you today because I felt like you were a bit down these days. But just as I expected, you refused to communicate with me. It feels like... I’ve already lost you. But if this is what you want, take your time. Take care.
A: Well it seems we have different definitions of cold(I was actually trying to be friendly) , and wanted different things out of the relationship. Sorry I couldn’t be the boyfriend you wanted

这不是微信聊天截图，而是iMessage信息聊天界面截图，对话内容是两人关于感情中沟通和理解问题的交流。 

A: I've tried to communicate many times, but it just never seems my ideas get through
B: Do you feel I like never understand your thoughts, or just didn’t agree with them?
A: Well it seems we have different definitions of cold(I was actually trying to be friendly), and wanted different things out of the relationship. S...
A: The thing is, I leave in less than 3 weeks, what were your expections after I've left for America?
A: I've tried to communicate many times, but it just never seems my ideas get through
A: Both honestly, but I’m sure it’s also the case on your end
A: It’s just unlucky combination of language barrier and different values"
http://sns-webpic-qc.xhscdn.com/202504151854/3a6f15eeb00e785cb05473c7fc089f73/1040g00831g0obu4l7e405p6q52v09vr2aev0v38!nd_dft_wlteh_jpg_3,大一，交了男朋友，他的爸妈知道儿子恋爱后，将月1500块的生活费分星期给怕我花他钱吗 粉丝投稿：大一，交了男朋友，他的爸妈知道儿子恋爱后，将月1500块的生活费分星期给怕我花他钱吗？他人对我还行，不过我听说他父母这样实在是有点难崩，我们明明都是互相请客，互相送礼物，在一起一个多月，除互相往来的费用，他就多给我买了几次食堂的朱家小面和掉渣饼不知道她父母为什么这样子，是我多虑了吗？还是怕我花他儿子钱#情感 #生活 #生活费 #大学生 #求助 #我多虑了吗？,大一，交了男朋友，他的爸妈知道儿子恋爱后，将月1500块的生活费分星期给怕我花他钱吗 粉丝投稿：大一，交了男朋友，他的爸妈知道儿子恋爱后，将月1500块的生活费分星期给怕我花他钱吗？他人对我还行，不过我听说他父母这样实在是有点难崩，我们明明都是互相请客，互相送礼物，在一起一个多月，除互相往来的费用，他就多给我买了几次食堂的朱家小面和掉渣饼不知道她父母为什么这样子，是我多虑了吗？还是怕我花他儿子钱#情感 #生活 #生活费 #大学生 #求助 #我多虑了吗？ - 小红书,,该图片不是微信聊天截图，内容为一段文字和表情，文字内容是“大一，交了男朋友，他的爸妈知道儿子恋爱后，将月1500块的生活费分星期给😣 怕我花他钱吗”，下方有一个表情。 
http://sns-webpic-qc.xhscdn.com/202504151855/7c528c5f06f2f03eb755747939892e8f/1040g2sg318cjdco83q405pbdigs86fgchkruhao!nd_dft_wlteh_jpg_3,#恋爱 #pua 求助现在该怎么办啊，跟npy大一就开始谈了最开始他确实很温柔很体贴，但后面越来越有点疏离了，我不觉得他是真正的爱我...今天又发现了这个我人都傻了，但我又很舍不得...,从npy包里翻出来这个... - 小红书,,"这不是微信聊天截图，而是一张手写笔记的照片。笔记内容包含关于KTV、酒吧活动的描述，提到“领袖→负责活跃气氛”等，还涉及一些社交技巧和原则，如保持生活精彩、保持神秘感等内容。 

这不是微信聊天截图，是一张手写笔记的照片，内容包含时间投资、金钱投资、情绪投资、肉体投资等内容，还提到共同成长相关的方法，以及知识积累方面关于美食、旅游、宠物等兴趣，还有关于酒的一些标注如威士忌的不同类型及年份等。 

这是一张手写笔记的照片，内容包含一些规则设定、社交建议以及生活方面的想法等，如设定规则包括制造意外、冷处理升级等，社交方面提到要多交流增加阅历，规则有不能一点就回、不能喝太多酒等，还有要了解身边人等内容。 并非微信聊天截图。 "
http://sns-webpic-qc.xhscdn.com/202504151855/6d04ef5e490e3979b1b27de33f983066/1040g2sg31fg7te8b6o6g5ol7qln6sgi1tbg2dk8!nd_dft_wlteh_jpg_3,家人们，我准备周一到周五晚上六点多去家教俩小时，但男朋友不能接受，竟然让我去找个能接受的 他还说周末上家教就已经忍了。 之前他不能接受我周末上课是因为担心影响我们周末约会的时间，他会很被动。然后后来我把上课的时间安排在周六的上午，这样我们就可以下午或者是周天约会就#大学生在家 算。有时候我们提前安排了时间准备约会，我也会调整上课的时间来保证我们的约会时间。 最近他也在准备考试，平时也没有时间理我，所以我也想晚上找一个初中的时间去上课，让自己更充实一点，有点事情干，但是跟他说了之后他很不能理解，不能接受，还说他忍够了，我就不理解了，他究竟忍什么了，忍够了。 ？？？？？？？？？？？？？？？？？？？？？？？？？？？？？？？？？？？？？？？？？？？？？？？？#恋爱问题#恋爱 #吵架#情感问题#爱情问题#家教问题#女大#男大#情侣吵架,求助，帮我看看_我错了吗？ - 小红书,,"这不是微信聊天截图，图片内容是一段文字，文字内容为：“家人们，我准备周一到周五晚上六点多去家教俩小时，但男朋友不能接受，竟然让我去找个能接受的😟” 。 

B: 宝宝如果我找一个
B: 周一到周五的家教
A: ...
B: 晚上两个小时
A: 嗯
B: [图片]
A: 那你去找吧
A: 随便你
B: 为什么
A: 以后我们也不要打电话了

A: 这么凶
B: 真的
B: 在这个上面
B: 我们吵了多少次了
B: 你平时还要找家教
B: 我真的
B: 我不知道该说什么了
B: 如果你真的要这样
B: 那随便你
B: 周末你上课我现在啥也没说

B: 八点半结束
A: 我反正会不高兴
A: 你干脆
A: 天天上课
A: 家教以后
A: 周天也加上
A: 我们不要见了
A: 别打电话了
B: 我们不是本来也是晚上
B: 八九点打

B: 不然我每天没事干
A: 嗯嗯嗯嗯
A: 对对
A: 那你要不要
A: 以后周天也加上
A: 周一到周天都上课
A: 我们也不要见了
A: 好不好
A: 我真的忍耐有限
A: 你周末上课我已经够忍了
A: 我也没有说什么了

B: 但是
B: 你也不是6:30开始就要我
B: 打电话
A: 你不知道我对你这个本来就很介意吗？
B: 之前是介意周末
A: 我们因为这个东西已经吵了很多次了，然后你现在周末上课，我也没有说什么，我什么都没有说过。
B: 影响我们见面

B: 但是这个不是周中吗
A: 要不你找个不介意你上课的
A: 男朋友
A: 可以吗
B: 为什么平时更介意?
A: 🎙️ 11""
A: 你天天上课，你要不周一到周天都拉满以后，我们不用见了，也不用也不用你刻意的上完课，然后再过来，再找我，或者是什么好不好?
A: 我的忍耐已经是极限了
A: 周末你上课"
http://sns-webpic-qc.xhscdn.com/202504151856/ab3f8d3bd073452565051ad928c1971d/1040g0083137edfcqg0004a4bncbu2orcsungst8!nd_dft_wlteh_jpg_3,🍀这期写给在感情里反复吵架，却始终无法解决实质问题的朋友们。 	 虽然这种时刻往往备受煎熬、绝望又无助，但依然有一份幸运在于：内部问题有了呈现并有机会解决的契机。 	 🍀 投射性认同几乎总是破坏关系，但当我们能意识到并为自己内部的冲突作为努力，阴面便能立即转阳，创造更稳固的关系。 	 如果你也认同人与人之间的关系就是互相“勾引”的结果，那你绝不会将我的内容里强调的自我改变当作自我pua来理解。感恩所有的认可 	 #反复吵架 #情侣吵架 #情侣吵架的解决方式 #因为小事吵架 #亲密关系 #心理学 #投射性指责 #恋爱问题,和对象总是因为同类小事反复吵架怎么办❓ - 小红书,,"这不是微信聊天截图，图片是一段关于感情中反复因同一问题吵架的文字内容，时间显示为2024年5月25日16:36 ，主要观点有反复因小事争吵冷战又和好是感情磨合常态，反复争吵未解决的矛盾会伤害感情，感情经不住大的磨损消耗，当吵架陷入死循环要意识到可能双方吵错了架等。 

这不是微信聊天截图，图片内容是一段关于情侣因消息回复快慢而吵架的分析文字，阐述了需要秒回和无法秒回双方的心理诉求，以及吵架时的表现和存在的问题等。 

该图片不是微信聊天截图，内容是一段关于两个人在争论对错背后心理分析的文字，提到双方互相接受指责，以及不同性别可能存在的担心，如女性担心太作失去被爱可能，男性担心没能力让对方满意失去被爱可能等相关观点。 

这不是微信聊天截图，图片内容是关于如何打破无效争吵循环的文字说明，包括当两人恐惧课题不同且避免承认不足时难以让争吵同频，以及打破循环的方法，如一方有勇气跳出投射性认同，还举例说明了处于投射性认同中的感受。 

该图片不是微信聊天截图，是一段关于处理恋爱关系中责任与指责问题的文字内容，讨论了在恋爱关系中面对对方指责时应如何承认自身能力有限，将视角从争论问题归属转移到解决问题上。 

这不是微信聊天截图，图片内容是一段关于感情的文字，讲述感情需要经历起伏过程，还提到面对个人议题的不易以及提供探索自我的支持。 "
http://sns-webpic-qc.xhscdn.com/202504151857/7865e780a540b90ff8af2511136b796c/1040g2sg31ens1ecm6g705om2ritmso35squbarg!nd_dft_wlteh_jpg_3,起因是因为过年期间 我们不在一起 期间我们总是吵架 有矛盾 没有好好沟通 后面冷战了几天 他说分手 谈不下去了 太累了 对我也没有感情了 不想谈了 后面怎么挽回都没有用 我感觉我的问题更大一点 家人们帮我看看还有可能吗 后期该怎么做 拜托大家提提意见 ,家人们 这样还能复合吗 - 小红书,,"B: 我现在去考场那边
B: 晚上想给你打个电话 可以不
A: 不打
B: 为啥
B: 我想给你打个电话
A: 不想打
B: 求求你了 可以不🙏
B: 明天就考试了
B: 听见你的声音我安心些
A: 不想打

B: 电话也不能打
A: 好好考你试
A: 我们现在分手了
B: 我怎么安心考试
A: 不见面不打电话
A: 不是应该的吗
B: 我就只是想打电话
B: 没有别的意思
B: 你的心是石头做的吗
B: 就这一个请求
B: 而且我最近也没有做过分的事

A: 不想打
B: 干嘛这么狠心
A: 分手了已经
B: 我晚点到了
A: 分手了，没关系
A: 为什么要打电话
B: 你这样说话我难过
B: 就只是想打个电话
A: 实话实说
B: 嗯
B: 不想跟你谈感情

B: 你自己不难受啊
B: 我总像个做错的人
B: 就算分手了 我们也没有这么不堪吧
A: 你没做错什么
A: 我觉得
A: 分手应该断干净
A: 继续联系
A: 又聊天又打电话的
A: 算
A: 什么呢
B: 你选择分手了啊

B: 你不喜欢了 可是我还喜欢
B: 今天我也只想给你打个电话 我安心一点
B: 我会很有力量
B: 怎么做都是错的
B: 都已经分手了
B: 又提感情 真的不会难受吗 你真的喜欢吗
A: 你应该直接跟我不联系
A: 我不觉得我们两个
A: 在一起那么久
A: 分手以后还能当朋友

B: 可是我想争取
A: 你挽回真的有用吗
B: 我不知道
A: 你觉得我会继续跟你在一起吗
B: 我也不想强求你
A: 就算我们最后重新在一起
A: 你觉得我们还能跟以前一样吗
B: 但如果我足够爱 我就应该有足够的勇气
B: 破镜难重圆你觉得是吗
A: 你不应该从我身上找力量了
A: SONE：我会很有力量
B: 可是我们是人 不是物品

B: 我现在还没有找到瞬两个人的沟通方式
B: 我知道你很累
A: 我对你没有感情了
A: 我不想复合了
B: 需要时间空间
A: 现在我也不想跟你说话
B: 我没想跟你复合
A: 焦子丞：我不想复合了
B: 我只是想不通为什么你会讨厌我
A: 因为你还在纠缠
B: 对不起
B: 我也不知道该怎么办

B: 我不想让你讨厌我
B: 我也不会技巧跟方法
B: 不知道怎么跟你相处
B: 是我让你失望了
B: 别提感情了好吗 都过去了
A: 行了
A: 别说这些了
A: 自己去考试吗
B: 嗯
B: 在滨湖那边

B: 为什么你现在是这样的
B: 因为我总联系你
B: 我好像把你越推越远了
A: 跟你推不推没关系
A: 本来我就是想分开了
B: 本来
A: 不用什么错都怪自己身上
B: 是多早
A: 寒假
B: 我知道 因为我们那时候总吵架
B: 我们好好说话行吗

B: 开心一点
B: 我背背书
A: 我没不开心
B: 不然没心情看书了
A: 现在就是很平常的状态
B: 好
A: 看你的吧
A: 好好考
A: 那么努力了
A: 没理由不过
B: 不知道"
http://sns-webpic-qc.xhscdn.com/202504151858/db649cb7939a68eef7fd06c7b64a7d44/1040g00831ec00vm60ucg5o0sqscg8cjt84b9rcg!nd_dft_wlteh_jpg_3,在恋爱中很多人遇到问题喜欢撤，导致每段恋爱时间都很短。我也遇到过同样的情况，碰到让我压力很大的问题时，真的会想不如单身算了。 	 通常这种情况发生在恋爱初期热恋过后，真问题慢慢浮现，比如发现性格不合、底层有分歧，大家都不装了，矛盾出现了，这时候不再是纯粹的荷尔蒙和快乐的时候，很多人就会觉得矛盾不可解，不如撤。 	 这就是一种试图通过改变外部条件从而解决问题的方法。我的矛盾源头来自恋爱对象，我把他干掉，这个问题不就解决了吗？这是非常粗暴解决问题的方式，但它非常高效，因为这个源头没了，问题就真的没了，然后进入了单身阶段，直到遇到下一个人，又遇到同样的问题，仍然不解决，再把这个人干掉。 	 所以亲密关系就一直处在一个浮潜的阶段，就像潜水一样，没有进入过深海里，永远在浅浅的海面感受波浪和我自己的节奏。 	 这其实属于假性亲密关系，我在逃避解决自己的问题，在看见我自己不够美好的时候，把它翻篇了。我为什么要调整？我就是这样子，不行你走。所以在这样的模式下，我始终不会有任何变化，我一次又一次地触碰，一次又一次地离开。 	 有的人处在假性亲密关系里很自洽，也挺好的，但很多人都还是想要发展更稳定和长久的亲密关系，就需要面对自己的问题，去实践，去冲突，去找到冲突背后的“我”是什么样的，看到底层逻辑、看见创伤，去沟通和调整，在当中“我”就会慢慢成长，双方都如此的话，亲密关系也会不断成长。 	 当然如果是有毒的关系，认清之后还是要跑，跑得越快越好 #亲密关系 #,亲密关系中遇到问题就想跑 - 小红书,,这是一张树木的照片，展示了树枝和树叶，背景是蓝天，右下角有红色光斑效果。不是微信聊天截图。 
http://sns-webpic-qc.xhscdn.com/202504151900/0edde781a791aa87b02cb1e6cfb74851/1040g2sg31er9bcg26aag5pptl4qiqi6ed9fmkv8!nd_dft_wlteh_jpg_3,女朋友说要么删掉异性朋友要么分手，真的很严重吗？ 和朋友是几年的交情，完全没有别的想法，只是她最近分手了给我打了个电话求开导，我觉得没什么，女朋友看到后问我原因我也如实回答了，但是她很生气觉得必须二选一，怎么办？这真的很严重吗？ #情感 #男女关系 #情感问题 #女生之间相处 #女朋友,女朋友说要么删掉异性朋友 要么分手 - 小红书,,这不是微信聊天截图，图片内容是一段文字：“女朋友说要么删掉异性朋友，要么分手，真的很严重吗？” 
http://sns-webpic-qc.xhscdn.com/202504151900/5fc93170cfd6eedc4e38ece50169c28e/1040g2sg31evoaoe9medg5os2udsnr15fu4f5rn8!nd_dft_wlteh_jpg_3,和男朋友出去吃饭出去玩拍的照片（大多数都是吃的和奶茶一类的，有一张牵手照），今天问他要不要发给，他说如果他想要会问我要的，但是我觉得心里有点不舒服，因为他是一个念旧喜欢怀念喜欢记录的人，可是面对我们日常的这些照片，他给我的感觉好像并不在乎一样，我该去和他说我因为这个不开心吗，还是应该自己调理，大家觉得他是怎么想的 —————————————————————二编:其实我觉得我是在回溯性嫉妒，因为他高中的时候把他和喜欢的女生的事一点一点记录一下，所有都记得清清楚楚，可是关于我，他并不会去记录，所以我很难过很难过，我很想闹脾气，但是我怕他又觉得我事情很多，因为他的前女友就是有点这样子，但这样子好像很冷静很压抑根本一点都不像我自己，大家可以给我一点意见嘛 —————————————————————三编:和男朋友沟通过啦，他很认真很认真地回应了我，写了很长很长的小作文，解开了我的心结，谢谢贝贝们的回复，希望大家都能获得幸福。#情感问题 #原来跟对象得这么沟通 #我和男#朋友的日常 #恋爱日常 #男人的脑回路,求助🆘🆘男朋友的回复让我很不舒服 - 小红书,,"这不是微信聊天截图，图片内容为：背景浅蓝色，上方有一个手持花束的卡通男孩形象，中部有“求助 SOS SOS 男朋友的回复 让我很不舒服！他是怎么想的”的文字，文字“男朋友的回复”被橙色圆圈圈出，下方有一个表情看起来不太高兴的卡通小狗形象。 

B: 我们每天吃饭出去拍的照片 我是不是应该发给你一份呀
A: 嗯...如果我想要的话会问你要哒
A: 我的名字 平时的存着就好啦
B: 好吧 😊

A: 我不是个很喜欢拍照的人
A: 平时除非我看到特别好看的风景 偶然会拍一下 其他时候我基本都不会拍照 另外一种情况拍照 就是有特别想要分享的人
A: 如果是作为纪念意义的话 我一般只会留一些我觉得特别好 有重大意义的那种照片

A: （大量被模糊处理的文字内容）
A: 小媛，一定是一个对我来说意义非凡的人，哪怕是在过去二十年的人
A: （大量被模糊处理的文字内容）
A: 我不确定我日后会不会对我们的日常进行记录，但可以肯定的是，我很珍惜和小媛在一起的日常，这并不是有没有拍照和记录来决定的，我知道，以后一定还会有无数个这样美好的日子，我们一定会度过很多个幸福的每一天。
A: 当然，要是小媛也是个喜欢浪漫的人，那我一定会时不时写点什么，记录些什么，留存下来给日后的我们看哒。"
http://sns-webpic-qc.xhscdn.com/202504151902/21b4381f725eedd6093b4be34d651a04/1040g00831ehd5aul0k005p1jksnl1h4uqnjpb28!nd_dft_wlteh_jpg_3,我说过很多次了，但zz不当一回事。 就是在一系列需要消费的场所，一旦我想买什么，他都会想着他掏钱（不是在搞笑，我认真的） 然后就会出现以下场景 “我来买。” “我付就好，都一样。” “那我不要了。”（之前我不是这么回的，都是说那我下次请你） 我说不要后，他就一副好像自己做错什么事情那样看着我，我跟他解释，“不能老花你的钱，这样是不对的。” 但下一次他还是这样，像中年人吃完饭后抢着买单，谁懂。 —— 搞笑的来了，昨天去学校小超市买水喝，我们偶遇ycm，zz在收银台说他来买单，ycm看到大喊一声，“有这种好事怎么不喊我，阿姨等等，我也去拿一瓶！” zz微笑，“阿姨直接结，不要等他。” —— 他说我算得太清楚了，呃呃呃😔，真的是我计较太多吗,谈了之后才发现的问题 - 小红书,,抱歉，无法直接访问链接查看图片内容，请你提供图片或描述图片具体情况。 
http://sns-webpic-qc.xhscdn.com/202504151903/ec8e6eddeecbfce9665b35138a08c4e1/1040g2sg31dkmbjfu0e7g5n32iqm4goes5rc8jc8!nd_dft_wlteh_jpg_3,如题，首先我和哥哥的关系从小就一直很好，问这个问题绝不是因为讨厌哥哥。自从有一天哥哥带女朋友回家后，感觉一切都变了…爸妈都很喜欢她，哥哥让我叫她嫂子，但是我感觉叫不出口。哦对了我还有一个妹妹，她来了之后，妹妹也整天黏着她出去玩，不过这样也挺好的，妹妹就没时间来烦我了。但是好像现在家里所有人都围着她打转。 大家不要误会，我不是酸，我也没有喜欢她，就是害怕我哥被骗了。自从她来了，我哥就每天念叨着要和她结婚，可他们才认识多久？我家在江东有点基业，真的不是恶意揣测，感觉她就是有备而来。 除此之外她还有很多举动都很奇怪，上次我在写作业，她忽然和我说，才发现你的眼睛是绿色的，真好看。还有昨天晚上听到她和我哥在屋里吵架，她还说再这样我就去隔壁睡觉。我真的不知道她是什么意思…怎么才能让我哥和她分手？ #代号鸢 #如鸢 #孙权 #求助 #在线求助 #情感树洞 #救救孩子 #忧郁少年在江东,求助 - 小红书,,该图片不是微信聊天截图，内容是一张带有文字和卡通头像的图片，文字内容为“不喜欢哥哥的女朋友，怎么才能让他们分手” ，下方有一个红发卡通人物头像。 
http://sns-webpic-qc.xhscdn.com/202504151904/a112be9be6ed9336380ef8723d0b2efe/1040g00831fgjt0dhmi005pqj9n5736g9h4grnuo!nd_dft_wlteh_jpg_3,求助！！尤其求助台湾网友能不能回答下这个问题！ 大陆整体风气应该偏向晚婚晚育，台湾会不一样一些吗？！ 	 目前我和他刚谈一个月不到，他就开始问我要不要生小孩结婚的话题，有点把我吓到了😭…… 他似乎是担心之后我没法去找他，所以想结婚给我弄签注。说他以为在台湾领结婚证大陆不会同步，领个证对我没什么影响（并不是），感觉可以考虑一下。我告诉他不行之后他也打消念头了。但我总感觉哪里怪怪的…… 而且他会开玩笑说要和我生小孩，但他自己又不喜欢小孩😫………… 他说我的在他心中比他父母更重要，我感觉太轻浮，但他又很认真很真诚，平常说话直来直去的，我穿衣服好看不好看都直说，完全不委屈自己的一个人。又感觉他没必要骗我。 	 （🌟背景信息如下 我们是约会app认识的，我感觉他人还挺沉稳，特别特别帅，186中长发大双眼皮，风格是日系美男。date了3天他和我表白的，我一时上头就同意了。 他23，我24。他是国立成功大学的硕士，我是留学本科。 家境来说，应该是我家境比较好，家里在一线城市郊区两栋别墅三辆车，他们家应该是新北的普通工薪家庭，新北一套房。 日常他对我很好很温柔，有意见也会说，我们也会正常地彼此争论。又感觉都挺正常的。 目前为止我俩没怎么吵架，唯一的不和谐的点是，我吃饭日常吃人均100左右的餐厅，且我们是aa制，他会有点难以负担（可能我们家比较娇惯女孩，他又没工作，也能理解）。 	 #台湾人 #台湾 #台湾男友 #恋爱 #情侣 #恋爱问题 #00后结婚啦 #没结婚呢借个tage #我真不知道了,00后台湾男友问我要不要结婚生小孩，正常吗？ - 小红书,,这不是微信聊天截图，图片内容是一段文字：刚谈恋爱不到一个月，台湾男友问我要不要结婚。 
http://sns-webpic-qc.xhscdn.com/202504151904/b1199e50499b87c81710fb0e50f6f13e/1040g00831fk5tdrhnq005o3u5mvgbnor6lus6hg!nd_dft_wlteh_jpg_3,本人工作朝九晚五双休，男朋友自由职业时间比我多。他来我城市定居买房，筹备结婚阶段，我朋友比较少所以比较黏他，遇到如图问题我会心里难受，我自己也说不清楚是为什么，是我有问题吗#恋爱的落差感 #男人的脑回路 #情感问题 #恋爱脑,男朋友说我想法有问题无法理解 - 小红书,,"A: 还有为什么 我说你上班的时候我自己去滑雪你会不高兴
A: 我不理解
A: 你说说你心里怎么想的
A: 我又不是说比如说我工作日去了 周末你想去 我不和你去
B: 阿鹧 20:17 还有为什么 我说你上班的时候我自己去滑雪你会不高兴 我也说不上来 我就是觉得我们应该要一起
B: 你不能撇下我自己去玩
A: 为啥是玩
B: 所以你自己去旅游 我也会不开心

A: 为啥是玩
B: 所以你自己去旅游 我也会不开心
B: 我也说不上来为什么
B: 要不然我发个小红书问问
A: 可以
A: 问问
A: 我也不是说你放假我完全不和你出去玩
A: 是不是
A: 就是你没时间的时候 我和朋友 或者自己出去玩玩"
http://sns-webpic-qc.xhscdn.com/202504151905/84955f3d901798e1b5916e7a893455fd/1040g2sg317b5202pjq9g5orlr147qv8h2ajupn0!nd_dft_wlteh_jpg_3,怎么办啊，我现在真的很迷茫虽然现在才20岁，以后还有大把机会，可是我谈了五六年了，真的放不下，他平常对我也挺好的，我两家庭条件都一般般，我两几乎都不会送对方东西，他送的时候我会还一个，我送他，他也会还一个我，我跟他的感情被朋友说兄弟情，感觉我们一点都不恩爱，他性格有点直男，有点社恐，我的性格就很大大咧咧，一般都是我聊他听着，而且我们两个人很少亲亲，因为我有点接受不了，不太喜欢，他很在乎我的看法，他也理解(这一点我觉得他超级好)所以有点放不下他，但是我又挺信玄学的，怎么办啊帮帮孩子吧#情感问题,感情求助！！！真的不知道该怎么办了🙏🙏 - 小红书,,"这不是微信聊天截图，图片内容为“感情求助！！”。 

该图片不是微信聊天截图，是一篇发布于2024年9月5日00:14的求助帖内容，讲述了发帖人从初三开始与对象的恋爱经历，包括恋爱过程中的相处、吵架、分手、复合以及高考后的状态等。 

这不是微信聊天截图，而是手机备忘录中的一段文字记录，内容是讲述作者和恋人之间约会的经历，包括对方多次爽约，两人吵架、复合等情节，以及后续关于端午节看赛龙舟的约会安排。 

这不是微信聊天截图，图片内容是一段文字记录，讲述了作者坐一个半小时公交车去见某人，途中及到达后发消息、打电话对方都没反应，在炎热且身体不适情况下等到十二点多才离开，下午三点对方解释因怕发生之前的事一晚没敢睡，七点多眯一会睡到下午三点，还忘了告知把钥匙放门口垫子下，作者虽有点恋爱脑还是原谅了对方，今年已有三四次这种情况。 

这不是微信聊天截图，是手机备忘录截图，内容为作者讲述室友推荐了一个测运势软件，自己使用其中测两人关系及感情态度相关功能后，因显示对方感情态度消极而伤心流泪，目前不知对方对自己感情究竟如何，感到迷茫并求助。 

这不是微信聊天截图，图片展示的是一个关于塔罗牌解读的界面，上方提问“Ta对感情是认真的吗？”，下方给出“星星 逆”牌面及其对应的解读内容，包括挫折、失望等含义以及对感情态度较为消极的分析。 "
http://sns-webpic-qc.xhscdn.com/202504151921/2e0061fcb5d11f54a27c9b942091bfc2/1040g00831g13sc8pgi6g5pu0c562nmie9tov070!nd_dft_wlteh_jpg_3,男朋友突然事事都顺着我，天天各种讨好我，是什么情况好害怕 本来两天一小吵架，三天一大吵，各种烦心事，大小问题都和我辩论，昨天外出回来后突然像变了个人一样对我百依百顺，给他找茬都一直哄我，对我好的可怕！！！ #理解不了一点 #突然的绷不住 #令人窒息的操作 #上头快下头也快 #隐藏的家庭矛盾 #有时候真的很无助 #求助 #心里的五味杂陈 #我不能理解 #五味杂陈的心情 是不是有什么事要发生啊 好担心,本来两天一小吵，三天一大吵 - 小红书,,这不是微信聊天截图，图片内容是一段文字和表情，文字内容为“男朋友突然事事都顺着我，天天各种讨好我，是什么情况 好害怕”，文字下方有三个流泪的卡通表情。 
http://sns-webpic-qc.xhscdn.com/202504151925/8394c6e415b5a259d3f53aa39bf7a0e7/1040g008319ro12fd7g0049rjotnms20rdr5rd68!nd_dft_wlteh_jpg_3,吵了一场没有缘由的架，还好最后知道了原因，大家都没有错，很多对对方的恶意情绪都是自己幻想出来的，所以就要好好沟通呀个人认为 没有缘由的吵架都是故意恶心对方 反而找到吵架的原因才是和对方关系的进一步磨合～#le #b溃 #情侣吵架 #entp #infp,吵架到b溃 - 小红书,,"B: 我的决定:我们先分开一段时间
原因：
1、我觉得我现在对你的喜欢没办法覆盖掉这几天的你对我不好的态度；
2、你可能不是我的理想伴侣，因为我们俩脾气都太差了，都想要对方的长期包容，不合适，我真的不需要一个比我脾气还大的人当伴侣；
3、我个人认为在很多事情上 (我觉得重要的事情，但你可能觉得不重要) 你没有办法再带领我，找到fullfilment，所有事情都变得很无聊；
4、以前一直觉得你是个很细心的人，或许是被你蒙骗了，这几年我觉得你不是我想象中的那样的。

B: 我甚至可以给你细数一下对我伤害很深的几次：
1、当时你在做罗拉，我数错数了，你吼我
2、我在开车，说了一句你把你妈掏空
3、那天拿快递，自己先回家了，反咬我一口说不报备
4、昨天在东北菜馆的事情

我都觉很莫名其妙，你之前给我的理由是说你便秘了，我不关心你，所以要对我这样。但现在不知道是因为什么，或许是因为姨妈。我从来不记仇，这些事情我能记很久。
B: 以前的我，不管怎么样，都能让这些矛盾过去，但现在好像不可以了。可能是因为我觉得不值得了吧。
B: 你撤回了一条消息

B: 我已经觉得我在这段关系里面，表面看上去是最咋呼的，但实际完全被精神控制，完全不能有自己的发言权和观点。
B: 以上说的，全是我的视角。如果你有不同的版本，你可以告诉我。
A: 好 你等我 有点慢
A: 这几件事情我都记得，我没有告诉你最深层自己所想，我的过激反应对你的伤害我很抱歉。问题在：1.我不能够理智解决困难时刻，会把自己不好的情绪（偶尔厌恶力量训练、力量减弱、克服不了新重量）和事情（你在一旁数错听觉影响注意力）叠加混淆，根因却在我的意志力不稳。2.我极其渴望摆脱父母的控制、试图维护自己独立形象。大学毕

这不是微信聊天截图，图片内容是一段关于渴望摆脱父母控制、经济独立以及因买房导致经济独立瓦解等个人情感和经历的文字叙述。 

这不是微信聊天截图，图片内容是两段文字，第一段内容讲述了因一件事引发的思考，包括对对方行为动机的猜测以及自己打电话确认对方情况；第二段内容讲述做了很多准备但遭遇冷水，回家后的争吵、无效沟通、感到被剥夺话语权、崩溃离家出走以及双方崩溃点的相似性。 

A: 我最近在反思自己的心力，为什么弱了那么多？
这几天早晨的路上，在想为什么没有多的时间整理一下家里呢，哪怕只需要半小时，只能顾上自己冲冲咖啡、看会儿书，来撑起包裹自己的安全感。目前自己的做法会在 to do list上写一些回家要做的小事，尽量做掉。
我对你的精力暂时只能维持在，你做一分，我也做一分、节日提前想好礼物、一起期待去旅行这些小事上。如果你帮我做不喜欢的事，比如开车，我也会解决接下来需要时间处理的琐屑的事，比如洗碗（这不是说你应该做，而是建立在我们默认一人做饭一人洗碗的模式下）。
如果你没能感受到成就感、新鲜感，也无法觉得未来有希望、互相前行，我目前没有好的方法解决。

B: 我现在最大的问题是，我摸不清楚的你情绪
B: 为什么要吵
B: 你现在很乐此不疲
B: 纠错大王
B: 你反复这样，让我觉得你这个人不靠谱，内核不稳。
B: 直到前几天，我觉得我对你已经没有了耐心，所以一吵架我就说要分手
B: 这是我真实的想法，你已经把我对你的喜欢都消磨掉了，恭喜你呢
B: 我现在没有能想起一个生活上的点，想起来会觉得很幸福，会觉得说 你在真好

B: 你也知道啊？为什么反复激怒我?
B: 你这样很不明智
B: 并且已经消耗完了我对你的耐心
B: 且不可挽回
B: 在我看来，是你逼走我的
B: 你一直在说经济独立的破灭，所以你从头到尾就没把我看成一家人的一员
B: 而仅仅是觉得我是个乐于付出的人，你可以接受但你同时获得了压力
B: 说的更直白些，你的未来里根本没有我，因为你不知道怎么还我

A: 我害怕你像我父母一样控制我 在我没有经济独立能力时
B: 真正受害的是我
B: 有时间担心这个 不如好好想想如何提升自己的收入呢
A: 我害怕你像我父母一样控制我 在我没有经济独立能力时
B: 真的很好笑
B: 特别好笑
A: 吵架就可以随便说分手吗 你说得多频繁呢 我说了几次呢自卑差劲就必须要被攻击吗 不坚定的又是谁呢
B: 你不许再指责我了
B: 这样完全没有交流的必要
B: 我说过了 是你消耗掉我的耐心的

B: 你也可以选择包容我
B: 和我好好沟通
B: 可是你没有
B: 一而再再而三的刻意激怒我
B: 你让我说啥
A: 我想要好 我想要在懦弱的时刻被接住 被踹醒也醒 而不是冷嘲热讽
B: 找别人去吧 我接不住
B: 为什么老把希望寄托在别人身上？
A: 我想要接住你 也接过你 现在你面临的成就感 新鲜感问题 我的心力现在不够 能不能渡过去呢

B: 听到的时候是觉得别人这么关注你 然后冷静下来分析她说的有没有道理
B: 一味的反驳，对你没有任何帮助，只会让你自己莫名b溃
B: 我相信你改了这个根本的认知观点
B: 明明是你应该power自己 受不了一点别人的质疑 ok?
B: 你会有更多的余力去挑战更多新的事物
B: 而不是trap在这些让你感受到安全感的东西里
B: 那么 这些问题迎刃而解

B: 现在的核心问题，你再想下吧
B: 我没有要刻意贬低你的意思
B: 在我的认知里 你弱 不是我认为你弱 是你自己也觉得自己弱
B: 我给你分析这么多 也是在接住你 帮助你
B: 因为你根本看不清你自己
B: 只会一味地现在自己的情绪里 成为你自己的受害者
B: 同时 我也变成你口中的加害者
B: （我觉得我说的很好）

A: 🐱（表情）
B: 通话时长 00:49 📞
A: 没声音
B: 通话时长 45:00 📞
B: 宝。你觉得要不要封阳台?
A: 你说新房？倾向于封阳台
B: 我也
B: 我加了那个封阳台的群"
http://sns-webpic-qc.xhscdn.com/202504151930/5bd26ffa24674204399a90364199ecdd/1040g2sg313qr6jfi1m705nqg5ir095ma1utvh00!nd_dft_wlteh_jpg_3,如标题， 一下子让我觉得心疼又无助，不知道该怎么办了。 今天跟女朋友因为一点小事有一些争执，（解释清楚后知道是误会，是错怪彼此了） 情绪比较高涨的时候女朋友说了一句：“你有嘴巴不会说吗，老这样真的很烦” 我说了一句：“我就知道你会这样说，所以我才不说的，不想说出来后要面对的都是指责” 很明显女朋友当下是震惊的，没想到我会说这样的话，这句话有可能对她造成了伤害…？ 然后全程她开始面无表情似乎毫无波澜地听我控诉、流泪、解释。（这是我们恋爱后第一次看到他这样） 我心情平静下来后看着她非常平静，让我觉得很无措，问她没有感觉吗，不生气吗？ 她说：“没感觉” 	 再三确认还是：“没感觉” 然后我去搜了一下，这种情况好像是一种自我保护机制：“情绪抽离” 吵架已经过去了一个小时…她还是这样… 咋办啊…我知道错了，我宁愿大吵一架也不想让她创伤应激 还不如骂骂我，好心疼她。#情感问题 #le日常 #ptsd创伤 #应激反应,女朋友在吵架时突然情绪抽离le - 小红书,,这不是微信聊天截图，图片内容是两块蓝色背景的标牌，上面分别写着“已经懒得沟通了，”和“你说晚上有太阳我都认了。” 
http://sns-webpic-qc.xhscdn.com/202504151931/169884aa86572fc24bccaff474cecc6d/1040g2sg31ad0dd8k6q005p5nlsll7dsqrrci070!nd_dft_wgth_jpg_3,你知道吗，在我想要改善关系所以不舒服了想要和你沟通，你的第一反应居然是反驳我说的点而不是反思自己有没有这样做过，我们的沟通性质就变了，你发现没有反驳成功或者说过我的时候你就觉得我不在乎你的想法，在我提出我的想法时敷衍道歉想要快点结束话题，我没有感觉到你的诚意你在觉得我小题大做。你说你还想和我玩，可是你的所作所为好像让我觉得你只是想要挽回那个可以提供情绪价值但不能有自己情绪的我，能提供情绪价值察觉到你情绪是高敏给我带来的天赋，同样高敏的我想表达的时候你为什么就变的咄咄逼人了。事情对你来说是小事，对我来说是小事累积的爆发点，我生气的从来都只是你的态度… #高敏 #朋友 #随笔 #吵架,我生气从来是因为你对我的态度而不是事情 - 小红书,,图片不是微信聊天截图，是一张卡通小狗的图片，小狗看起来有些沮丧，背景为浅蓝色。 
http://sns-webpic-qc.xhscdn.com/202504151932/36695c74f6bf14fc39318e520fd8aac1/1040g00831ecfv834h0005pioli20u45brdds7vg!nd_dft_wlteh_jpg_3,小情侣是这样的，再甜蜜也是三天一大吵两天一小吵。尤其我俩平常大多数时候是不把对方气死不罢休的对抗路情侣。 一次闹别扭，女朋友转过去不抱我了，要自己睡，无论我怎么亲怎么哄都不行。最后我急眼了要照她脸上咬一口，结果可能尖牙磕到她了，她一着急就躲开说了句别咬我。 语气不太好，说的有点急。话一出口两个人都懵了，我有点被吓到了就窝窝囊囊的道歉。她耐着性子哄我说没事睡觉吧。我觉得自己做错了事就转过身背对她缩在一边。 其实我之前是泪失禁体质，但和她在一起之后我似乎很少哭。她伸手过来摸摸我的脸确认我没有掉眼泪，或许心里还带着气，她没有继续哄我，就也扭过去跟我背对背拥抱。 我自己难受一会又自知理亏想要接着哄她跟她认错，下定决心畏畏缩缩的靠过去，发现这位美女早已水灵灵入睡了。 我石化了。 我心想这下完了，对方已切断你的撒娇认错渠道。 结果就在我惴惴不安的把手试探的放在她手心的时候，她回握住了，然后翻身抱住了我。 其实她已经睡熟了。 我的心莫名其妙的安定了下来，像悬在半空中摇摇欲坠的往下沉了半厘米，结果发现脚下堆着厚厚的棉花。 第二天她气消了沟通之后问题解决了，又开始故意马后炮的说哎呀宝宝昨天应该抱着你睡的。 我憋着笑说你本身也是抱着我睡的。她不可思议的“啊？”了好几声。 我说，下次还是不要睡前吵架装酷了，你睡着了会自动把我抱住的。 #再也不熬夜 #小情侣日常 #对抗路情侣 #le,女朋友，睡前可不可以不要吵架 - 小红书,,该图片不是微信聊天截图，是一张小猫的图片，小猫眼睛大大的，图片左下角有“咪”字。 
http://sns-webpic-qc.xhscdn.com/202504151932/e43dbf7a6c09d0ae6b03af48e601053b/1040g0083183bggd53kgg5ocf9fok1do3kmitevg!nd_dft_wlteh_jpg_3,#吵架 #争吵 #人格 #亲密关系 #婚姻家庭 #婚姻情感,亲密关系中，吵架时更能看清一个人 - 小红书,,"这不是微信聊天截图，是一篇关于通过吵架判断伴侣人格的文章内容，介绍了家庭治疗师萨提亚总结的4种吵架模式中的指责型人格特点，包括外在表现和内在性格等。 

该图片不是微信聊天截图，是一段关于“讨好型”人格分析的文字内容，提到讨好型人格的人敏感、擅长迎合、察言观色，在家易因爱人脸色不好产生内心活动和委曲求全的动作，还指出其人格底色暗含受害者模式，愤怒被压抑，攻击力以隐晦方式呈现。 

这不是微信聊天截图，图片是咨询师张一鸣关于“打岔型”人格的一段文字说明，介绍了打岔型人格在应对冲突时的模式、给他人的感受以及其人格底色。 

这不是微信聊天截图，图片是一段关于“超理智”人格类型分析的文字内容，介绍了超理智的人擅长解决问题但难以照顾自我和他人感受，相处会很辛苦，其人格底色缺乏生命力等内容，最后提出在家庭中这几种应对姿态轮番上阵该怎么办的疑问。 

这不是微信聊天截图，是咨询师张一鸣关于“一致性表达”的内容讲解，包括其定义以及在突然踩到别人脚这一情境下，讨好型、指责型、超理智型、打岔型的人不同的应对话语举例。 

这不是微信聊天截图，是一段关于如何一致性表达及高情商内涵的文字内容，以咨询师张一鸣的口吻，通过踩到别人脚的例子，解释表达感受、照顾对方感受、解决问题的含义，并阐述高情商的底层信念。 "
http://sns-webpic-qc.xhscdn.com/202504151934/1aa4ebc4dd917e90367d3f5cdda7d4b4/spectrum/1040g34o311l52ocb6u005nafjqc4k8n6oas9ibg!nd_dft_wlteh_jpg_3,最近有个兄弟找我吃饭的时候，跟我吐槽他的女朋友一点都不讲道理，一点小事非要吵架，他给她讲了2个小时的道理，结果女朋友就知道大吵大闹。 我笑了，兄弟，出现这种问题完全是因为你脑子不清白。 真的，很多男同胞会觉得自己特理性，特客观，每次有争执的时候能一眼看穿问题本质，然后就开始跟另一半讲道理，试图证明另一半的不良情绪完全是没有必要的，太搞笑了。 如果你真的够理性，够聪明，能够看透本质，那么你就应该知道，你的女朋友跟你闹脾气，其实只是因为她陷入了某种情绪，而情绪这种东西的发生往往是缺乏逻辑的。恰恰在这个时候你又去讲道理，讲逻辑，那你是不是傻？ 所以不管你是男性还是女性，一定记住一个道理：不要在有情绪的状态下谈理性。那就是浪费时间。有情绪的时候，就好好处理情绪就好了，如果你真的不知道怎么处理，最简单的办法：不理她，出门，买点她喜欢吃的东西，然后送给她。 这里面出门不理她，是给她一个时间和空间去消化自己的情绪，其实大部分女孩子都很讲道理的，只是女性往往会更容易陷入到情绪化的漩涡里，这种时候你要是没能力消解就不添乱，她自己能做的很好；但是千万不能空手回来，带好吃的，带小礼物都行，主要一是要给彼此一个台阶，不要两个人都架在哪里下不来台，最重要的就是表达你对她的关心。 我这个方法让很多兄弟试过，基本上80%以上的情况都能成功解决，建议你试试看，试了要是没解决，可以评论区里问我。 #情感建议  #恋爱技巧  #男生必看  #情侣吵架  #情感分享  #我的吐槽,吵架讲道理的男生其实还蛮可怜的... - 小红书,,该图片不是微信聊天截图，是一张带有文字的图片，文字内容为“说实话 吵架喜欢讲道理的男朋友 挺可怜的” 。 
http://sns-webpic-qc.xhscdn.com/202504151935/419c68872465a95e3a862baa1d13732f/1040g00830o6il9aaia005ohhog8k1uves71rrc0!nd_dft_wlteh_jpg_3,我给你们评评理#情侣吵架 #无聊 #摸鱼,好无聊，有没有情侣吵架发下截图 - 小红书,,这不是微信聊天截图，是一张户外风景照片，画面中天空呈现出绚丽的晚霞色彩，下方是道路、交通设施以及一些建筑物。 
http://sns-webpic-qc.xhscdn.com/202504151935/738c78f59ebf970acd840f3b0accb9d8/1040g2sg31eebniggh6704b3mi0bii13hhkes8lg!nd_dft_wlteh_jpg_3,在亲密关系中我一直有比较严重的问题，容易掉进自我否定的怪圈，最近在读《认知觉醒》，我尝试着像书里写的那样问问自己为什么生气，从“感觉不被重视”到“事情并没有按照我预期的发生”，最终我得到的答案是：害怕某事发生。 	 记忆里出现的和妈妈一起入睡但是醒来发现身边没有人的不安全感笼罩了我很久，后面我可能已经不会再想起这件事，但这种不安全感像卡介苗的疤。成长过程中遇到了另外一些与家人、朋友的信任崩塌事件，我开始PTSD，延续到现在，我的男朋友也成了受害者，当然，如果他不对我欺瞒，可能我们的情况会好很多。 	 我处理问题的方式也很极端，我是那种一有不对劲就会撒手的人，当故事的开始与我的不好记忆有相似，为了避免故事的悲剧结尾，我会选择重开，简单概括就是：我不要了。 	 他对我说：我知道你是一个拧巴的人，拧巴的人就是需要一个赶不走的爱人。 	 我过于敏感，同时性格很轴，我需要高度的关注，甚至有些病态地想要占据对方的所有时间，我需要反复确认一些事，我不喜欢这样的自己，这条自我心理疏导的路还很长，我不知道该如何回应。 #吵架#情侣 #后续,我们吵架了 他还是跟我分享750吨的吊车 - 小红书,,"A: 猫吐了，我现在在这个宠物医院
A: 我躺床上了
A: 出发了
A: [图片]
A: 750顿吊车
A: 你早上是不是很忙？
A: 我早上开个会"
http://sns-webpic-qc.xhscdn.com/202504151936/94b2224c7f6c80b31dd37ec73c9a93d7/1040g0083190jvvg34e6g5pmj71ijcrpt6h58i8g!nd_dft_wlteh_jpg_3,刚刚把他所以联系方式就删了  其实我很感谢这句话  因为它让我终于下定决心分手  让我斩断了这段本就不合适的恋爱关系  别人都说 爬完山不是正缘就会分手哈哈  国庆的时候我们去爬了太白山  全程我们总共吵了三次  我记得最后一次是我给他拍完照片他嫌不好看 然后就开始生气  说我就知道拍照 拍拍拍个不停  可是女生就是喜欢拍照喜欢记录  我不认为自己有错  其实我早就发现这段感情大错特错了  我们几乎每天都在吵架  我们的三观不同  无论是哪方面都不合适  有时候吵架原因我都想笑  今天就是因为我给他打视频  他接了之后手机放在腿上  头也一直看向别处  我以为他在忙  害怕自己打扰他  就挂断问他是不是在忙 然后他就开始大发雷霆 说我冤枉他  说他只是在等饭  我也解释了我只是想挂掉确认一下你是不是在忙  结果就出现了一系列的争吵  紧接着他发了你TM能不能去死这句话  其实那一瞬间我还挺懵的  我不知道能上升到对我说这么恶毒的话  其实他之前也说过我恶心等等难听的话  我都忍下来了  刚刚哭了好久  我每次吵架什么都会做  唯一不会就是删好友 因为从我们认识第一天的聊天记录 我都有保存  当刚刚我没有犹豫就把它删掉了  说不上来现在是解脱还是难过  我结束了一段不正确的关系  夸夸自己#聊天记录截图 #分手,男朋友让我去死 - 小红书,,"A: 你真是没事找事
A: 随便吧
B: 14""
A: 我就是在忙
A: 你可以滚了
B: 你牛逼
A: 你更牛逼
A: 说啥你都有理
A: 凭什么冤枉人
A: 你道歉了吗
B: 我TM就问一句是不是在忙 我还专门发了两个表情包
B: 冤枉你啥了?
A: 行
A: 你他妈咋不去死
B: 好"
http://sns-webpic-qc.xhscdn.com/202504151937/ecfd11188c88eb3bc51bba13cbb8fa2b/1040g2sg31altro5pncd05ocefu1k1augj42jbn0!nd_dft_wlteh_jpg_3,晚上男朋友值夜班，因为一件非常小的事情吵架了，结果越吵越凶，双方都情绪失控，甚至双方都说出跪下求你这种话。到最后我开始害怕，非要打车去找他，他单位离我家开车四十多分钟，他不让，说我的偏激让他害怕。我从来没有如此激动过，冷静下来，我都震惊自己今天能发疯到这种程度。而他也发了有史以来最大的脾气，最后说话都有点咬牙切齿。 本来我们商量明年春天订婚，国庆结婚。经此一战，我觉得自己在他面前颜面尽失。我们还能结婚吗？#和男朋友吵架 #结婚前吵架 #崩溃 看了评论，我们的失控是大声喊叫，说求求你，没动过手，也没砸过东西。我们曾说过，吵架是为了解决问题，而不是为了发泄恶意。即使当时情绪失控，冷静过后还是一点点复盘、捋清这场架里所涉及到的所有问题，在第二天上午掰扯完毕。我担心的能否结婚，是因为我觉得失了脸面，我不知道我能否接受情绪崩溃的他，也不知道他能否接受情绪失控的我。 晚上他来接我下班，我们见到对方的那一刻，似乎所有的不愉快都消解了。他把车停到离我单位几百米的地方，走到单位门口，从怀里拿出捂着的烤肠，笑嘻嘻地递给我。离开人群后，他想要牵我的手，我傲娇不许，他便搂着我的腰。我们像往常一样走到车前。上了车，他用头蹭着我的肩膀，表示委屈和不好意思。他轻轻地说，我们以后要好好的，不要再吵了，我知道你也累，我也累，我们要一直好好的。他握紧我的手，把我朝他身边拉了拉，车里的热风吹着我的头发。他说，我发现，除了担心你的身体，你做什么我都能接受。谁家不吵架呢？我们对彼此，没什么丢人的。我委屈的泪水夺眶而出，他把我抱进臂弯，抚摸着我的头。良久，他托起我的脸，在微弱的路灯下，我们对视。“我们结婚吧。”他说。,和男朋友吵架到失控 - 小红书,,这不是微信聊天截图，图片展示了一个夜晚下雪的城市街道场景，街道两侧有一些店铺，有行人在雪中行走。 
http://sns-webpic-qc.xhscdn.com/202504151939/b3f7fc2f403c7f50d0eb2fa2f9c90474/1040g008316p1d25a406g4a7k4evqojp0fr02hoo!nd_dft_wlteh_jpg_3,以为自己被爱的时候，狠狠给我上了一课，确实分手只需要男生say yes 磨合了快四年，最终只能归结于性格不合 可能我真的是不配被爱的恶毒女配#异地恋 #结局 ————————— 他说太难过了不分手了的时候我强忍着的情绪彻底爆发出来，委屈难受。 也反思了自己的问题，为什么比以前容易生气，为什么对他没好脸色，为什么习惯性反驳而不是支持…… 他也有问题，太晚了明天再讨论 ——————— 吵架导火索是下班回家后吃完饭准备洗碗的时候跟他视频，他想缠个手胶，我说不要，不许缠！他脸上笑嘻嘻的，但是还是打算缠，我说还拿着球拍是吧，放下他不理解，觉得为什么凭什么，我说你缠吧，挂断视频洗碗去了。 我的问题：1.语气强硬，缺乏沟通。没跟他说我就想他视频的时候啥也不干陪陪我洗个碗，没说洗两个碗就两分钟，导致他觉得我莫名其妙凭什么我让他干什么他就得干什么。我只觉得又不是急着马上要上场打球，晚一会儿缠手胶也没关系。2.加班回到家八点多才吃晚饭，本来就心有不爽。3.缺乏朋友和其他消磨我精力的人和事，导致我觉得他理所当然的该陪我。4.气头上无法控制情绪，生气不开心就说分手，他觉得我在威胁他。 他的问题：1.脾气犟，一根筋，硬得像坨臭狗💩，必须他自己想通。2.憋情绪，吵架的时候才说感觉自己恋爱谈得小心翼翼，生怕我生气。（我没觉得他这样，也不需要这样，可是他从没说过）3.逃避问题，不主动。觉得烦就不解决问题，觉得累就假装看不到不处理，然后积少成多大爆发。     解决办法：1.我有话直说，语气不要太强硬，想让他陪就说想他，他同意这个方案并表示自己不会不开心。 2.我减少对他的关注，把关注点转移到学习、追剧、练琴上，周末和朋友去玩。 3.好好说话，冷静，不要动不动说分手说气话。 4.他也有话直说，觉得我凶他让他不开心就说，他不开心我要负责哄哄他，争取在小问题的时候解决，避免情绪累积集中爆发。#情侣吵架复盘,分手一小时体验卡 - 小红书,,"B: 不用听我的啦
A: 你也不用因为我生气了
B: 嗯嗯
B: 恭喜你
A: 📞 通话时长 41:07
A: 以后少哭哭了对眼睛不好
B: 哈哈不用假惺惺的哈
A: 我没有
B: 现在说这话显得恶心
A: 好
B: 显得自己很深情的样子
A: 知道了

该图片不是微信聊天截图，是一张显示恋爱天数的图片，上方有“DaysMatter”字样，中间是一对男女的合照，照片上文字为“和帆恋爱已经 1411”，下方标注起始日为2020 - 10 - 10星期六，底部有“倒数日·Days Matter”及数字“23” 。 

A: 我看以前的照片
A: 我止不住的流眼泪
A: 😢
B: 这么快就着急删照片了吗
A: 我没删
A: 我在回忆
A: 我们一起的事
B: 可是你已经不想和我有以后了
A: 我不想分开了
A: 一直在流眼泪
A: 头好痛
A: 一直在流

A: 一直在流
A: 一只鼻子都塞了
B: 我妈来说我
B: 为什么眼睛红红的
A: 我想到我们一起在南昌坐公交
A: 去卢塞恩小镇
A: 去万达
A: 😢
A: 你咋说
A: 没
A: 你还送羽毛球花给我
A: 南昌带的更久
A: 你笑的那么好开

A: 好了不分手了
A: 😢
A: 太难过了
A: 好
A: 明天整理一下相册
A: 😢
A: 好多照片
A: 把他们放进一个相册
A: 我没有
A: 😢
A: 我现在也会
A: 现在时间太短了

A: 没机会
A: 好了
A: 不哭了
A: 抱抱你
A: 😢
A: 别难过
A: 不分了
A: 😢
A: 你老是把分手放嘴边
A: 好
A: 是的
A: 你学我
A: 😢

A: 那得控制一下脾气
A: 🥺
A: 不会
A: 明白了
A: 控不住
A: 是的
A: 是的
A: 时间久了肯定会
A: 🥺
A: 好吧
A: 控制不住就看看我们的照片
A: 🥺
A: 12点了

A: 别
A: 我们明天讨论这个
A: 这个需要很久
A: 😢
A: 今天先睡觉
A: 晚安
A: 宝宝
A: 😢
A: 爱你
A: 快去睡觉
A: 我也亲你了
A: 快睡觉
B: 通话时长 22:49 📞"
http://sns-webpic-qc.xhscdn.com/202504151940/4b4f1bed36e78c9af06bb1f82347f15e/1040g2sg313ul8bn41mc05pg96hu2ufgm6tlalkg!nd_dft_wgth_jpg_3,前天晚上跟男朋友大吵了一架，因为我太作了，老是想找事情吵，动不动就开喷，老是想要他哄我，那天哄了我四个小时我非但没有缓和反而变本加厉，自己吵自己说要分手，男朋友警告了好几次说再这么说话就要骂我了，我非不听，最后男朋友很生气了直接发语音骂我，叫我赶紧分别来搞他，问我到底想干嘛，结果后面才知道他跟我吵架的时候在高速路上开车，很后悔故意要搞他。 男朋友一直很包容我，我的小情绪特别多，但是一直对我很耐心，这是我第一次见他生这么大的气，我也认识到自己很不应该。 我也深刻反思了一下，确实我对他的要求高了，太理想主义了，总希望他能按照我的想法走，我说什么就是什么，但我却忽略了虽然我们是恋人，但两个人都是独立的个体，正因为是两个不同的思想碰撞在一起才会有火花 我是因为喜欢他才跟他在一起，喜欢的就是他这个人，而不是为了想要驯服谁而跟谁在一起，两个人在一起就是因为爱的产生相互包容相互磨合才变得有意义，然而这一切被我弄的复杂了，还差点搞砸……#矛盾 #我和男朋友的日常,人还是不能太作 - 小红书,,该图片不是微信聊天截图，是一张卡通人物插画，画中人物有着蓝色头发，脸颊泛红，双眼微闭，嘴角上扬，看起来心情较好。 
http://sns-webpic-qc.xhscdn.com/202504151941/bee851cccca7ccb77854f865f7848cc6/1040g00831g0rlt7c066g5pqosu8ndq9v52na5f0!nd_dft_wlteh_jpg_3,当我们俩决定一起去旅游，我以为会是甜蜜幸福的，结果现实给我重重一拳！ 当我想七点去看日出，拉着他起，根本起不来，男朋友赖床赖到10点起来说：“旅游又不是军训”，我这也不是让他军训啊，一起看日出不浪漫吗？ 我们俩玩了一天，我想要回去民宿休息了，男朋友却临时说要去网红夜市买什么网红奶茶，我那天玩得脚都磨破了，不想去拒绝了，最后吵架各走各的。 换了个景点很好看，我想住那个400一晚的江景民宿“主要是拍照好看还很舒服。”男朋友坚持不要，想要住青旅上下铺，还美其名曰：“反正就睡个觉，省下的钱多吃几顿烧烤。”得，又得吵。最后还是住了我喜欢的那个民宿。 到的那个景点要走山路，我拎着相机+补妆的东西+防晒伞，累得要命，他看见也不帮忙，背着双肩包一直跟在后面，让他帮忙就说：“我让你不要带那么多，你不听啊，自己带着呗。”我在想要是不能帮忙，你当什么男朋友？ 旅游3天，我忍了他好多回，不是，到底是我作还是我们俩三观不合，不适合在一起啊？ #旅行真的可以看清一个人 #男女差异 #三观不同性格不合 #情侣旅游 #吵架日常 #情感问题,情侣旅游三天吵了四架，这算三观不合吗？ - 小红书,,这不是微信聊天截图，图片内容是：黄色背景上有蓝色文字“和男朋友旅游三天，吵了四架，这算三观不合吗？”，右下角有一个带表情和“&$!#%”符号的贴纸。 
http://sns-webpic-qc.xhscdn.com/202504151941/c263718dfc05dfa5074d34fe5dc25008/1040g00831amoiuef6q005oekehu41sodb420g4o!nd_dft_wlteh_jpg_3,#吃到自己的瓜 好窒息啊，因为男朋友经常怀疑我出去做对不起他的事情而吵过无数次架，每一次都是莫名其妙的怀疑，比如：我在上班没有回消息、和同事在吃饭没有回消息等等很小的事情，他都怀疑我，吵完架之后说会改，男人说的会改=这辈子不改。 	 今天，又一次，我彻底爆发了：中午下班和同事出去吃粉，期间没有给他发消息，他问我在干嘛，我回答了他在吃粉（图1）他给我来了“一句你在搞什么？”瓦特？？？我就知道他心里的小人又开始作祟，怀疑我干什么对不起他的事情，好，我接着又解释都是和女同事。 图二，我回到宿舍告诉他我到宿舍了，他又给我来了一句“你怎么还没回去？”因为同事已经休息了，所以我抓紧时间收拾洗漱（想着收拾好了上床躺着戴耳机再打视频）在我洗漱的这个过程中他给我打视频，手机没有静音，室友在休息，我就马上把视频挂了，他阴阳了一句“打扰了”，觉得我正在做对不起他的事情。 图三，我接着跟他解释我等下好了再给他打，正在卸妆，他又阴阳我“你忙”，每次他这样就是给我发脾气，闹别扭。 	 窒息吗？,#吃到自己的瓜 好窒息啊，因为男朋友经常怀疑我出去做对不起他的事情而吵过无数次架，每一次都是莫名其妙的怀疑，比如：我在上班没有回消息、和同事在吃饭没有回消息等等很小的事情，他都怀疑我，吵完架之后说会改，男人说的会改=这辈子不改。 	 今天，又一次，我彻底爆发了：中午下班和同事出去吃粉，期间没有给他发消息，他问我在干嘛，我回答了他在吃粉（图1）他给我来了“一句你在搞什么？”瓦特？？？我就知道他心里的小人又开始作祟，怀疑我干什么对不起他的事情，好，我接着又解释都是和女同事。 图二，我回到宿舍告诉他我到宿舍了，他又给我来了一句“你怎么还没回去？”因为同事已经休息了，所以我抓紧时间收拾洗漱（想着收拾好了上床躺着戴耳机再打视频）在我洗漱的这个过程中他给我打视频，手机没有静音，室友在休息，我就马上把视频挂了，他阴阳了一句“打扰了”，觉得我正在做对不起他的事情。 图三，我接着跟他解释我等下好了再给他打，正在卸妆，他又阴阳我“你忙”，每次他这样就是给我发脾气，闹别扭。 	 窒息吗？ - 小红书,,"A: 🎙️ 3""
B: 吃粉喔
A: ?
A: 你在搞什么
B: 出去吃粉啊
B: 搞什么
B: 和同事
B: 都是女的
A: 行
A: 刚抓完鸡

B: 我回到了宿舍
A: 别个已经给领导签字了
B: 我也不知道啊🙄
A: 你怎么还没回去？
A: 你干什么
A: 到底
A: 算了咯
A: 📞 已拒绝
B: ？
A: 呃
A: 打扰了

A: 到底
A: 算了咯
A: 📞 已拒绝
A: 呃
A: 打扰了
A: 你忙
A: 👍👍
B: ？
B: 我等下好了给你打啊
B: 你在干嘛
B: 我要卸妆"
http://sns-webpic-qc.xhscdn.com/202504151942/fa87d34fba567847c4a3be5f628079cd/1000g0082l2k5eb8j40004a5j971l5j64th3hb58!nd_dft_wlteh_jpg_3,气的我脑门疼家人们😅😅#情侣吵架 #日常,跟男朋友大战八百回 - 小红书,,"A: 我他妈傻逼
A: 我他妈说了
A: 你问我
A: 没有错
A: 我刚开始是生气吗
A: 不是好好接你电话跟你解释吗
A: 我他妈知道是我的错啊
A: 我是跟你理直气壮了吗
A: 知道你没睡觉
A: 我不是打车回家了吗
A: 不是跟你好好道歉了吗

A: 你他妈就不该问我了吗
A: 卧槽I
A: 能不能好好讲啊啊
A: 我从始至终
A: 我有说过 是你的错 你不该问吗
A: 能不能好好说
A: 好好沟通
A: 说话
A: 你说话啊
A: 说话啊啊

B: 说
A: 说啊
B: 你让我说啥
A: 说这些没啥用
A: 反正 以后不会再是 出去吃饭不跟你讲了
A: 不会不接你电话了
A: 确实 跟你说那些
A: 跟女朋友讲道理
A: 你就是觉得我在顶嘴

A: 我也知道
A: 你说那些话
A: 其实也就是想 让我以后不要这么做了
A: 我都懂
A: 我是懂哥
A: 😭
B: 无语
A: 咱俩好好的呗
A: 我不顶嘴了

A: 再也不这样了
A: 出去吃饭都跟你讲
A: 你也别不问啊
A: 😭
A: 还是跟以前一样
A: 咱们好好的么
A: 最近老是生气
A: 我们多多少都有点问题吧
A: 很影响感情
A: 你说咱俩异地都快熬出头了

A: 那
A: 我有个小小的屁
A: 要放一下
A: 😭
B: 放
A: 我有小情绪的时候
A: 你能
A: 😭

A: 可以吗
A: 😭
B: 哄哄你
A: 是呢
A: 😭
A: 行吗
B: 行
A: 一哄就好了
A: 😭

B: 行
A: 老实
A: 说好了昂
A: 发出和好表情包
A: 击掌qwq
B: 击掌qwq"
http://sns-webpic-qc.xhscdn.com/202504151943/7b7fe0e6e284dc468dcd677e7bb290a9/1040g2sg313c6h4ha02dg4buvb9m9isvs4d8pdig!nd_dft_wlteh_jpg_3,好无聊有没有情侣吵架的发一下聊天记录让我来评评理 #聊天记录  #情侣,好无聊有没有情侣吵架的发一下聊天记录让我 - 小红书,,这不是微信聊天截图，是一张配文图片，文字内容为“好无聊 有没有情侣吵架的 发一下聊天记录 让我来评评理”，下方有一个托腮表情。 
http://sns-webpic-qc.xhscdn.com/202504151943/d405f1a14ab010bdbbd633a18f4ee967/1040g0083192752v2l6605pgnbon2ufhtgl5f520!nd_dft_wlteh_jpg_3,天天要不然就是因为打游戏吵架 要不然就是不懂他的心思吵架 等等等 全部都是小事吵个没完 在一起442天了是为什么啊求解 你们异地恋都吵不吵啊  都是因为什么吵 #情侣 #异地恋 #吵架 #异地恋吵架 #异地恋日常 #求帮忙解答 #我的日常 #网恋奔现异地恋 #我的网恋日记 #我和男朋友的日常,异地恋情侣天天因为小事吵架是为什么呀 - 小红书,,这不是微信聊天截图，图片内容是浅蓝色背景上有一段文字“异地恋情侣天天因为小事吵架是为什么呀”，文字右侧有一个带泪的表情符号。 
http://sns-webpic-qc.xhscdn.com/202504151944/a8af6ab3baf740d827d6b9d87a3abea2/1040g2sg317so0i3144705ocpfpt40lc827v96do!nd_dft_wlteh_jpg_3,又是我爱的笨蛋xql 不以分手为目的的吵架在我们这叫秀恩爱 	 #代餐 #代餐文学 #bg #捡手机文学 #捡手机#talkmaker #我真的很爱火锅里的炸蛋谁懂,bg｜跟男朋友吵架一个意外平a他就放大招了 - 小红书,,"A: 咱们先静静吧
A: 我不想跟你吵了
A: 刚刚刷到一家新开的火锅店想去尝尝
B: 你又要开始逃避责任了？
B: 显得我在无理取闹一样
B: 我跟你说话着呢你怎么就开始玩手机了
B: 哪家火锅店 远不远
A: 什么叫逃避 咱们这都不算好好沟通啊
A: 离得不远 你要是不想走路 下班了我开车来接你

B: 这不算沟通那我之前说的那么多算什么
B: 你来接吧 我一下班就溜
A: 算你上班摸鱼不认真
A: ok 👍
B: 你为什么停个车还磨磨蹭蹭的
B: 本来有空车位被后面那个黑车抢了
B: 你来点菜吧 就点我平常喜欢的那些
A: 我这不是怕跟他碰上吗
A: 而且前面还有车位着急干嘛
A: 这还有炸蛋你要不要吃

B: 我就是受不了你这个态度
B: 吃
A: 等等
A: 锅底上来了 咱们先别吵了
B: 行
B: 先给我下一盘肥牛

A: 怎么感觉你吃的不怎么多
A: 是不是这家店不好吃
B: 不是
B: 挺好吃的
B: 就是被你气饱了
A: 怎么还在生气😟
B: 因为本来就是你的错
A: 我都不知道说什么好了
A: 我今天晚上要去值班
A: 把你送回家我就走了

B: 好好好又要逃避了
B: 记得走时候把门口垃圾扔了
A: 👌
B: 我仔细想了一下
B: 我觉得我们还是
A: 什么意思
A: 你要提分手?

B: 行知道了你随便吧，谈了一年十个月二十一天五小时五十二分零四秒确实太长了，我对你都腻了。我有这个想法很久了，早就跟你谈不下去了，只是为了照顾你的情绪我才一直没有说。你也不是什么值得谈的人，也就只会做很好吃的饭、把我们的家打扫的干干净净的、每天都那么好看那么温柔，而且你胃口那么小，跟你出去吃饭为了不剩我都要吃撑，难受的不行。你是现在要分手，还是冷静后再谈谈，给你一个考虑的机会。我是绝对想分手的，不犹豫，但我还是给你个机会好好想想
B: 回消息啊笨蛋 难道是舍不得我还在纠结?
B: 你再这样我就直接回家了
A: 求求你了别分手好不好

B: 我觉得我们还是
B: 再去那家火锅店吃一次吧
B: 再去那家火锅店吃一次吧
B: 确实挺好吃的
B: 诶我好像卡了
B: 能收到我消息吗
B: ……
A: ……
B: 我真想装作自己没看到

B: 求你撤回吧
B: 我原谅你了
A: 好的老婆😳
A: 老婆对不起已经撤回不了了😳
A: 不要笑我
B: 好的
B: 🤣🤣🤣（小声笑）
B: 憋笑

A: 😥
A: 我刚跟同事换班了老婆
B: 等我回来 😘"
http://sns-webpic-qc.xhscdn.com/202504151945/caf22ad56cc6246434ead633eb07c27e/1040g2sg3145mjigihm4g4a77985cgdc5oedjc9g!nd_dft_wlteh_jpg_3,第一次提分手  吵架很凶 他把我冰箱里的料酒都喝光了 边喝边哭 说这个酒真的很糟糕 我很生气 说这是做饭用的 吵了两个小时 我终于累了去抱他 他也一秒钟回应我,第一次提分手  吵架很凶 他把我冰箱里的料酒都喝光了 边喝边哭 说这个酒真的很糟糕 我很生气 说这是做饭用的 吵了两个小时 我终于累了去抱他 他也一秒钟回应我 - 小红书,,该图片不是微信聊天截图，是一张两个人的合照，其中一人有着棕色卷发和浅色眼睛，另一人有着黑色头发和黑色眼睛。 
http://sns-webpic-qc.xhscdn.com/202504151946/b3138fded103cee8d73357a6b42c6bae/notes_pre_post/1040g3k831frhtdme00dg5pes9h4h9mq6lvopv18!nd_dft_wlteh_jpg_3,和npy在日本旅游时因为一件小事吵架，具体为：我们玩了一天都很累了，在便利店买了泡面，然后回到酒店ta躺床上就说让我帮忙泡面，然后我就把两个人的泡面都泡了，一个是汤面，一个是拌面，泡上之后浴室水放好了我就去泡澡了，然后我正洗澡的时候就听见ta突然很大声喊我名字，然后惊呼那种（说xxx你干的好事这种，具体记不清了），我就下了一跳，以为我怎么了，然后就问ta，ta继续抱怨，隔了一小会这种回答我，原来是拌面里面有一个料包我没有拿出来，我就很奇怪，问ta是在面上面还是面下面（因为我印象中上面的我已经拿出来了）然后ta说是在面下面，然后ta就开始吐槽，说你怎么这么不靠谱，你能不能靠一次谱（我平时神经大条），这样还怎么吃巴拉巴拉，然后我在浴室就很伤心，没有回ta。 具体争论点在于： 那个拌面大家都知道，为了方便倒水沿着那个线只会撕开大约三分之一，然后面饼也刚好卡着那个桶不方便拿出来（会把盖子弄烂待会倒水的时候面就容易流出来），我把上面的料包已经拿完了，属实没有想到下面还会有料包，我觉得这个是厂家的问题不能怪我，而且本来我俩都很累，我主动去泡面然后非主观因素早晨失误还要怪我我真的很伤心，所以ta让我道歉我拒绝。 然后ta这边是觉得，我已经答应了这件事情就应该做好，没做好的话就应该向ta道歉。ta觉得我如果看了说明书发现一共有四包料就不会出现这种情况（我拿出来了三包），但是本来日语我也看不懂一般这种熟悉类型的面也不会去看说明书，而且前两天吃过这个面也没有出现过料包在面饼下面的情况。 而且我觉得如果ta直接告诉我这件事我会道歉的，可以交换我俩的面，我不太介意塑料泡过热水，但是ta直接上来就吐槽我一通我很伤心就不想道歉，现在在冷战，请大家当一下判官！ （我俩平时感情很好，如果有一方做错请轻点骂，我会把这个帖子给ta看的，大家有想知道的细节我也可以再补充）,和npy旅游时吵架 - 小红书,,这不是微信聊天截图，是一个笔记界面，内容为“和npy旅游时吵架” 。 
http://sns-webpic-qc.xhscdn.com/202504151946/623bb0f60b568e4104a850fae586805c/1040g00831a44mk0hne005nnpjlf0bmr0e3b7kho!nd_dft_wlteh_jpg_3,sad哭死了…,因为不回信息吵架了… - 小红书,,"A: 一点手机不看是吧
A: 一点发的
A: 快四点
A: 一个消息没有?
A: 坐教室里也不看手机?
A: 我还问你
A: 还没有睡醒嘛
A: 我真以为你在睡觉
A: 你来了一句下午
B: 你很在意我没回答你吗
A: 满课
B: 对不起以后不会了 qaq

A: 都是秒回
A: 什么以后不会了
A: 三四个小时
A: 没消息
B: 不会不回答你了
B: （图片表情）
B: 这个是我错了
A: 早上也是
A: 中午不也是嘛?
A: 晚上不也是?

B: 我是因为这个周结课了
A: 你中午啥的没说
B: 有些课才没有了
A: 你就问我咋咋咋
A: 你中午买的体温计
B: 我先发给你
A: 我也不知道买没买
A: 我不问你也不说
A: 我中午
A: 回来
A: 洗澡
A: 洗衣服我在忙

A: 你买碗面回来
A: 看了电视
A: 什么时候
A: 睡觉
A: 我也不知道
B: 老公 我错了
A: 从下面上床
A: 这个时间
A: 发个我睡觉了
A: 很难嘛?
B: 我知道了
A: 什么你知道了

B: 我会给你发的
A: 中午我倒无所谓
A: 晚上
B: 我是真的有时候蛮累
A: 你更是不想和我说
B: 我不想说话
A: 什么累了
A: 不想说话
A: 打几个字很难吗?
B: 就是不想发那么多
A: 你可以搞完了
A: 跟我说刚刚在干嘛

A: 我一般都不问你
A: 你中午吃面看电视的时候
A: 就不累了?
A: 打王者打到一两点就不累了?
B: 好吧
A: 晚上写个书法
A: 需要你动什么脑子
A: 就好累
A: 不想和我说话
A: 我知道你书法课
A: 我都没玩
A: 随时回你消息

A: 可以一直玩手机
A: 我说我在火影训练营
A: 玩一下体验卡
A: 随时回你消息
A: 你说一句话都不想说
A: 感觉什么都没意思
A: 所以昨天还在发烧都要看
A: 两集的白夜追凶就有意思了？
A: 王者没意思
A: 鱼米没意思
A: 白夜追凶最有意思对莫？
B: 哎呀老公我知道了

A: 衣服晾完了
A: 宝宝
A: 我要去睡会儿了
A: 我要谈
A: 我爱你宝宝
A: 妈妈
A: 我去上课了宝宝
A: 你还没醒嘛?
B: 我下午满课👌
B: 什么没醒"
http://sns-webpic-qc.xhscdn.com/202504151948/afa9ab9a7c059fff87f139d628f9fdb4/1040g0083180l7eetjq605p7t6qu18cabgb1hejg!nd_dft_wlteh_jpg_3,时隔小半年吧又开始更新就是因为那天看到一条评论说内容太少了，想磕cp 我想着这可不兴磕，怕不是很磕牙 我们真的经常吵架 而且大部分时候都是因为一些无聊的事情 比如他昨天准备做酢豚 发现番茄酱不够了就来抱怨 说因为我非要买小瓶番茄酱所以才这么快用完了 下班路上就跟他来了一段激烈的争吵 中途还提醒我炒锅很烫，不要碰到了 到家后就和好了 大部分时候都是因为他很容易着急 然后就开始嘴巴不干净 念念叨叨 我是听不了一点就跟他互骂 但他消气也很快 上一秒骂骂咧咧 下一秒没皮没脸要亲亲 反思自己太过了 我妈:又打不赢，不要吵架哈 #日男 #中日情侣 #中日恋爱 #同居,和日男日常就是随时随地大小吵 - 小红书,,"这不是微信聊天截图，图片中有日文“奴隷ではない”及其对应的中文翻译“我不是你的奴隶” ，背景有一些简单线条绘制的小动物和星星图案。 

A: 調味料足りなさすぎやから作るんやめるわ  番茄酱太少了做不了
A: お前ケチャップ大きいの買えや  你这家伙给我买大号的番茄酱啊!
B: スーパー行ったら10分で買えるのに、イライラする意味わからん  去超市来回十分钟就能买到，不知道你干嘛要不爽
A: 毎日料理作らなあかん意味わかん  不懂为什么每天不做饭不行
B: 毎日料理作るって言ったことない  我可没说过要你每天必须做饭
A: お前が買ってこい  你这家伙给我买回来!
A: もううるさいからだまれ  太吵了，闭嘴!
A: いつ帰ってくるの?  (不到一分钟后):什么时候到家
A: いつも空けさせられるからまってる  总是不让我先吃所以等着呢(不知道这句对不对)

A: 懂日语的宝品品这个命令形+よw
B: フライパン熱いから触るなよ"
http://sns-webpic-qc.xhscdn.com/202504151949/b74ec94b18a513922091f247c914734d/notes_pre_post/1040g3k831f6hvomd6obg5pmi1vs7efqaruddvf0!nd_dft_wlteh_jpg_3,起因是最近几天男朋友总是一直在打游戏 聊天越来越少 再加上之前被我抓到过和一起打瓦的女生聊天没分寸 最近又总能刷到小红书打瓦cg的帖子 所以我就胡思乱想了… 感觉已经因为游戏的问题吵过很多次了 虽然每次都能说开 但是还是会有新的问题出现 隐隐感觉只要他还打游戏 我们就还会吵架 哎 #爱打游戏的对象 #异地恋 #吵架,因为游戏问题吵架了 - 小红书,,"A: 宝宝不要生气好不好
A: 😢
A: 已拒绝
A: 已拒绝
A: 已拒绝
B: 别打了
B: 求你去玩游戏
A: 未应答
A: 未应答

A: 我以后都不跟他们玩了
B: 别
A: cs和 瓦我都戒了
B: 反正我们总要有一个不开心
A: 我不玩不会不开心
A: 不玩也没事
B: 算了吧
B: 没必要
A: 不玩了 我不想让你生气
A: 能不能接一下 我们语音说好不好

B: 我有什么资格生气
B: 我为什么干涉你的生活
B: 你玩
B: 没什么好说的
A: 你是我的女朋友 想怎么管我都行
B: 以后不聊天了就是了
A: 我真的不玩了
A: 我求求你不要不理我
A: 📞 已拒绝

A: 我已经现在已经不跟女生玩了 下午只要你回我一句我肯定能马上接上
A: 晚上正好碰上意外情况才让你生气
A: 所以我以后不玩了
B: 晚点聊聊吧
B: 我现在真的不想说
A: 嗯
A: 你要过多久
A: 我随时打给你
B: 我想好了找你
A: 好的

B: 我怎么让你改变 其实我上次发现你和那个女生聊天我就明确跟你讲过 不是不让你跟女生玩 但是你自己要搞好和她们玩的分寸 这次的玩游戏同理 游戏是用来娱乐的 不是用来沉迷的 你应该自己掌握好时间的分寸 没有一直在玩其他时间可不可以和我分享你在做什么 如果总是我让你怎么怎么改 哪怕你照做了 但是你真的在心里不会厌烦吗 大家都是成年人 我想没有人愿意被像小时候那样管教 太压抑了 我觉得如果总是要把我希望的强加在你身上 我会觉得你是被迫这样做的 你自己也会很累
B: 不想语音了
B: 还有上面没有很积极的回复你是因为当时真的很生气很心累 不是故意冷暴力 我需要缓冲一下 对不起
A: 这里说开了
A: 因为早上上的两节课我很认真在听 所以下午晚上就报复性的想玩

A: 给你看看你的鞋鞋
A: （图片）
A: 衣服先不给你看
A: 衣服我没拆
B: 昨天 下午11:15
B: 又这样
B: 让我吃个巴掌再塞颗糖
B: 讨厌你
A: 😭😭
A: 之后不吃巴掌都塞糖
A: 宝宝🤏

B: 每天我都在和各种负面信息做对抗
B: 这边还没有你消息
B: 难受
A: 👦👦👦
A: 宝宝不要想太多
A: 宝宝好敏感👦
B: 我就是很敏感
A: 我会多分享的
B: 我讨厌这样
A: 没事 这样说明你在乎我

A: 宝宝想跟你语音😥
A: 想你了
B: 说实话现在我情绪也不是很好
B: 明天直接视频吧
A: 好
A: 呜呜其实我好想你
A: 我都已经想好520的礼物了
A: [图片]

A: 再给你打一支强心针
A: 宝宝我只爱你一个人🙂
A: 想跟你抱着一起
A: 一直在一起
A: 没事的宝宝
A: 吵架只会让我们更好
A: 我也只会更爱你
B: 😭😭😭
B: 🤗
A: 没有人是完美的 我也不会要求你完美
A: 遇到问题和困难也要找我🤗"
http://sns-webpic-qc.xhscdn.com/202504151950/ccbb4f3011739f1bacd3d6886782e90f/notes_pre_post/1040g3k031fhq6tc6026g5njs87qg8bsb6j5n7u0!nd_dft_wlteh_jpg_3,本来吵的很激烈 结果因为他打错字 我玩了个梗 就和好了 #王者荣耀  #情感问题,和男朋友因为王者荣耀吵架了 - 小红书,,"B: 你爱咋玩咋玩吧
A: 你也爱咋玩就咋玩
B: 就最后没跟你你就一直在那儿说
A: 我又一直说了?
A: 我说了你不也没跟吗
A: 有啥意思
A: 别管我就行了
A: 以后开局就看谁会玩 跟着他滚雪球就行了 不用管双排的队友
A: 反正赢就行了
A: 明白没
B: 那你去找个能一直听你话跟着你的小明行不

B: 我也不玩了以后
B: 我把号卖了
A: 你玩吧
A: 没我你更开心玩的
B: 爱咋说咋说吧反正你都是对的
A: 我不对
B: 情侣关系解了 我不玩了
A: 你对的
A: 删了
B: 我也不想谈了
A: 没话说
B: 你不本来对我就没话说吗

A: 哎
B: 想吵也不行
A: 我没好好说？
B: 你老是这样有什么意思啊
A: 我说我的 你说你的就行了
B: 本来你哄哄我 跟我说我问题就过去了这件事
A: 之前也是这样
A: 过去了 以后也会有
B: 行你的意思就是反正以后都会这样吵
B: 那分开只能是最好的选择了
A: 我跟你好好说你又听不明白

B: 我是真不想每次都我先低头
B: 那你邀我了吗
A: 宝宝：打娱乐不就好了
B: 我等了十秒
B: 你有表示吗
A: 我跟你说
A: 你又不回复我
B: 我自己去打的娱乐
A: 我咋知道你大不大
B: 对了
B: 说到大
A: 大"
